Order_Date,Customer_ID,Product,Region,Channel,Segment,Quantity,Unit_Price,Discount,Revenue,Cost,Profit
24-11-2025,C1063,Smartphone,North,Distributor,Corporate,4,29131.78,0.093,105690.09,83973.09,21716.99
25-04-2025,C1229,Tablet,North,Distributor,Small Business,1,16118.96,0.056,15216.3,12724.49,2491.81
07-10-2025,C1024,Smartphone,West,Online,Consumer,2,26418.22,0.039,50775.82,37744.65,13031.17
22-04-2025,C1184,Monitor,North,Distributor,Consumer,2,15073.33,0.07,28036.4,25033.3,3003.09
29-11-2025,C1072,Headphones,South,Retail,Small Business,1,3632.64,0.053,3440.11,3036.67,403.44
04-01-2025,C1040,Tablet,West,Retail,Corporate,1,17615.77,0.051,16717.37,14379.25,2338.12
21-04-2025,C1025,Mouse,North,Online,Corporate,6,1208.23,0.113,6430.18,5934.35,495.82
03-07-2025,C1118,Mouse,East,Online,Small Business,5,1215.56,0.066,5676.65,5277.16,399.48
02-10-2025,C1076,Smartphone,West,Online,Small Business,1,28994.28,0.106,25920.88,19638.74,6282.14
18-11-2025,C1012,Mouse,South,Distributor,Consumer,2,1215.9,0.114,2154.58,1929.66,224.91
05-12-2025,C1222,Monitor,East,Online,Consumer,1,14282.28,0.03,13853.81,11909.94,1943.87
21-02-2025,C1214,Headphones,East,Retail,Small Business,2,3636.21,0.141,6247.02,5435.59,811.42
06-07-2025,C1172,Tablet,East,Retail,Consumer,4,17784.71,0.084,65163.19,55890.86,9272.33
17-05-2025,C1063,Smartphone,South,Distributor,Small Business,3,27094.49,0,81283.46,64420.71,16862.75
25-03-2025,C1177,Printer,West,Retail,Small Business,5,12984.32,0.084,59468.2,56349.17,3119.03
13-10-2025,C1211,Monitor,East,Online,Consumer,2,13406.89,0.065,25070.89,21845.82,3225.07
17-01-2025,C1055,Mouse,West,Retail,Consumer,4,1208.38,0.165,4035.99,3687.12,348.87
18-10-2025,C1102,Mouse,South,Distributor,Corporate,5,1202.89,0.077,5551.34,4765.38,785.96
26-11-2025,C1064,Printer,South,Retail,Consumer,1,12370.49,0.101,11121.07,10502.38,618.69
15-10-2025,C1093,Keyboard,West,Distributor,Corporate,7,2323.66,0.061,15273.4,13214.43,2058.98
23-04-2025,C1221,Tablet,West,Online,Consumer,1,18664.68,0.058,17582.13,14370.48,3211.64
26-02-2025,C1153,Tablet,South,Distributor,Corporate,1,16883.52,0.119,14874.38,12766.47,2107.91
02-02-2025,C1136,Headphones,West,Distributor,Corporate,2,3477.47,0.108,6203.8,5581.6,622.2
09-05-2025,C1193,Laptop,North,Distributor,Small Business,3,67714.04,0.04,195016.43,161247.15,33769.28
17-05-2025,C1041,Mouse,North,Retail,Corporate,3,1257.15,0.015,3714.89,3297.02,417.87
21-08-2025,C1130,Laptop,,Distributor,Consumer,4,65761.99,0.041,252262.99,216406.02,35856.97
24-02-2025,C1196,Keyboard,South,Online,Corporate,1,2092.92,0.088,1908.74,1667.79,240.95
24-03-2025,C1029,Laptop,East,Retail,Consumer,2,68012.35,0.14,116981.24,100664.35,16316.89
05-07-2025,C1225,Keyboard,South,Online,Consumer,6,2178.92,0.12,11504.67,10006.37,1498.31
18-10-2025,C1209,Smartphone,North,Distributor,Corporate,3,26921.42,0.104,72364.78,54676.7,17688.09
05-02-2025,C1243,Tablet,South,Distributor,Corporate,1,18347.38,0.032,17760.26,15373.05,2387.22
09-10-2025,C1109,Tablet,East,Distributor,Small Business,1,17910.62,0.112,15904.63,13383.61,2521.02
19-04-2025,C1167,Monitor,East,Retail,Small Business,5,14692.22,0.038,70669.58,60934.65,9734.93
11-07-2025,C1058,Printer,West,Online,Consumer,2,12529.1,0.084,22953.32,22002.46,950.86
02-02-2025,C1059,Mouse,North,Distributor,Small Business,11,1254.51,0.106,12336.82,11055.64,1281.18
29-10-2025,C1162,Monitor,North,Online,Small Business,3,14708.78,0.109,39316.57,34518.11,4798.46
31-01-2025,C1019,Monitor,North,Online,Corporate,2,15048.12,0.061,28260.37,25500.12,2760.25
21-09-2025,C1055,Monitor,East,Distributor,Corporate,3,16433.42,0.065,46095.75,38439.92,7655.83
04-10-2025,C1207,Tablet,West,Online,Corporate,4,18613.75,0.05,70732.26,62231.16,8501.1
28-07-2025,C1111,Monitor,North,Online,Small Business,1,14536.91,0.075,13446.64,11274.57,2172.07
01-07-2025,C1014,Headphones,West,Retail,Small Business,1,3274.29,0.094,2966.51,2570.08,396.43
11-12-2025,C1087,Smartphone,North,Retail,Small Business,4,26298.31,0.137,90781.75,71908.76,18872.99
25-02-2025,C1115,Monitor,South,Online,Small Business,2,16123.2,0.069,30021.4,26433.43,3587.98
13-03-2025,C1064,Headphones,South,Retail,Corporate,1,3220.71,0.038,3098.32,2858.21,240.1
08-02-2025,C1139,Printer,North,Online,Small Business,2,11782.07,0.145,20147.34,18151.16,1996.18
08-01-2025,C1125,Smartphone,South,Online,Corporate,2,27773.25,0.08,51102.78,39782.37,11320.41
04-09-2025,C1098,Monitor,West,Online,Consumer,4,13828.75,0.176,45579.55,40282.96,5296.59
02-01-2025,C1109,Headphones,East,Retail,Corporate,3,3539.34,0.106,9492.51,8596.11,896.4
23-12-2025,C1056,Printer,South,Online,Corporate,1,12267.74,0.12,10795.61,10207.85,587.76
30-01-2025,C1150,Laptop,East,Online,Consumer,5,66434.52,0.064,310913.54,266687.08,44226.46
02-09-2025,C1218,Tablet,North,Distributor,Consumer,5,17683.55,0.15,75155.08,65399.79,9755.29
06-04-2025,C1104,Smartphone,North,Distributor,Consumer,5,27696.43,0.092,125741.81,100005.91,25735.91
03-03-2025,C1108,Monitor,North,Distributor,Consumer,5,14282,0.134,61841.08,53228.66,8612.42
03-12-2025,C1184,Mouse,,Online,Small Business,3,1099.68,0.11,2936.14,2571.3,364.85
10-06-2025,C1172,Monitor,East,Retail,Consumer,2,14661.77,0.099,26420.5,23793.13,2627.37
27-11-2025,C1003,Keyboard,West,Retail,Consumer,2,2249.2,0.091,4089.05,3590.95,498.1
23-08-2025,C1130,Smartphone,North,Distributor,Consumer,1,26423.64,0.015,26027.29,20768.76,5258.52
16-05-2025,C1095,Tablet,East,Online,Consumer,4,17782.33,0.07,66150.25,56896.76,9253.49
26-05-2025,C1078,Tablet,West,Distributor,Small Business,1,18555.02,0.137,16012.98,13573.93,2439.05
10-11-2025,C1241,Laptop,East,Distributor,Consumer,3,65181.1,0.084,179117.65,146054.76,33062.9
10-03-2025,C1142,Keyboard,North,Online,Small Business,7,2359.82,0.134,14305.2,12914.36,1390.85
21-03-2025,C1184,Keyboard,East,Distributor,Consumer,4,2133.2,0.124,7474.72,6699.14,775.58
25-06-2025,C1065,Monitor,East,Distributor,Corporate,6,15886,0.113,84545.27,72919.78,11625.49
27-01-2025,C1001,Smartphone,West,Retail,Consumer,1,27917.56,0.074,25851.66,20346.69,5504.97
20-06-2025,C1114,Tablet,East,Online,Small Business,3,17937.78,0.095,48701.08,41547.33,7153.74
10-10-2025,C1242,Headphones,North,Online,Consumer,2,3500.73,0.093,6350.33,5644.34,706
20-12-2025,C1142,Tablet,North,Retail,Small Business,4,18385.55,0.018,72218.46,60193.28,12025.18
17-03-2025,C1094,Headphones,South,Online,Corporate,1,3533.93,0.149,3007.37,2522.63,484.74
21-01-2025,C1171,Mouse,South,Distributor,Consumer,7,1242.14,0.147,7416.79,6903.86,512.94
22-02-2025,C1040,Mouse,West,Distributor,Small Business,1,1116.92,0.065,1044.32,923.06,121.25
02-05-2025,C1046,Tablet,South,Retail,Consumer,3,18960.8,0.058,53583.22,44766.71,8816.51
20-06-2025,C1202,Headphones,South,Retail,Consumer,3,3460.61,0.095,9395.55,8753.05,642.49
26-12-2025,C1057,Smartphone,West,Online,Corporate,4,26947.33,0.096,97441.56,77256.22,20185.34
13-04-2025,C1058,Printer,East,Retail,Consumer,3,12234.87,0.032,35530.07,33747.23,1782.83
13-01-2025,C1222,Monitor,West,Retail,Corporate,1,14378.85,0.075,13300.44,11888.48,1411.96
05-02-2025,C1103,Keyboard,East,Distributor,Small Business,5,2190.12,0.026,10665.86,9658.2,1007.67
14-12-2025,C1046,Mouse,North,Online,Corporate,5,1265.61,0.012,6252.11,5494.83,757.28
25-10-2025,C1112,Keyboard,North,Online,Small Business,2,2202.52,0.069,4101.09,3591.67,509.42
26-06-2025,C1030,Mouse,West,Distributor,Small Business,4,1131.73,0.046,4318.69,4043,275.69
17-07-2025,C1112,Monitor,East,Online,Small Business,2,15633.2,0.031,30297.14,26166.4,4130.74
01-01-2025,C1243,Monitor,East,Retail,Consumer,1,15608.72,0.187,12689.89,11306.85,1383.04
07-12-2025,C1185,Mouse,East,Distributor,Consumer,4,1132.87,0.151,3847.22,3485.3,361.92
03-06-2025,C1179,Keyboard,West,Retail,Corporate,2,2163.62,0.063,4054.62,3733.14,321.47
01-06-2025,C1241,Tablet,South,Retail,Small Business,1,16198.01,0.055,15307.12,12902.13,2404.99
14-07-2025,C1214,Tablet,East,Retail,Small Business,2,18543.88,0.054,35085.02,29733.75,5351.27
01-01-2025,C1202,Keyboard,East,Online,Corporate,6,2224.62,0.036,12867.19,12352.51,514.69
24-10-2025,C1173,Mouse,West,Retail,Corporate,3,1212.85,0.029,3533.04,3004.51,528.52
20-04-2025,C1073,Printer,South,Distributor,Consumer,1,12069.79,0.008,11973.23,11250.22,723.02
21-09-2025,C1080,Mouse,North,Online,Small Business,4,1237.04,0.13,4304.89,4038.35,266.54
26-04-2025,C1063,Monitor,South,Online,Consumer,5,15101.84,0.19,61162.44,53686.26,7476.18
01-09-2025,C1148,Smartphone,West,Retail,Small Business,1,29769.75,0.102,26733.24,20932.02,5801.21
10-04-2025,C1038,Headphones,West,Retail,Consumer,2,3555.22,0.085,6506.06,5858.87,647.19
02-12-2025,C1046,Laptop,North,Retail,Consumer,4,68382.74,0.069,254657.31,218218.48,36438.83
23-12-2025,C1235,Printer,North,Distributor,Consumer,3,12380.41,0,37141.23,33777.07,3364.16
04-03-2025,C1136,Printer,South,Retail,Small Business,3,12784.47,0.087,35016.66,33331.31,1685.35
14-10-2025,C1229,Mouse,West,Distributor,Small Business,7,1272.47,0.062,8355.03,7602.65,752.38
16-09-2025,C1221,Headphones,West,Online,Small Business,3,3437.75,0.138,8890.02,8007.11,882.91
01-09-2025,C1071,Printer,East,Online,Small Business,5,11970.81,0.055,56562.06,53328.01,3234.06
24-09-2025,C1020,Printer,South,Retail,Corporate,5,13821.79,0.088,63027.34,58935.05,4092.29
27-05-2025,C1229,Monitor,East,Retail,Corporate,6,16129.21,0.082,88839.71,75190.78,13648.93
04-10-2025,C1099,Smartphone,South,Online,Consumer,5,29225.49,0.083,133998.89,110188.85,23810.05
22-12-2025,C1105,Tablet,South,Online,Corporate,1,18771.12,0.149,15974.22,13970.57,2003.65
19-06-2025,C1214,Printer,West,Online,Consumer,1,11672.57,0.034,11275.7,10254.36,1021.34
04-08-2025,C1123,Headphones,North,Distributor,Corporate,3,3463.66,0.083,9528.52,8838.45,690.07
04-01-2025,C1138,Mouse,East,Retail,Corporate,3,1233.42,0.07,3441.24,3006.87,434.37
07-10-2025,C1112,Monitor,West,Online,Corporate,1,14389.68,0.131,12504.64,10842.56,1662.08
06-09-2025,C1174,Laptop,West,Retail,Small Business,2,65153.97,0.196,104767.58,87968.28,16799.3
27-07-2025,C1137,Tablet,West,Online,Small Business,2,19850.35,0.079,36564.34,32457.35,4106.99
14-01-2025,C1110,Headphones,North,Online,Small Business,1,3710.56,0.069,3454.53,3303.48,151.05
11-03-2025,C1098,Printer,South,Online,Corporate,2,12644.92,0.129,22027.45,20625.86,1401.6
17-06-2025,C1195,Monitor,West,Retail,Corporate,3,14958.25,0.064,42002.76,36452.81,5549.95
14-07-2025,C1121,Keyboard,West,Retail,Consumer,2,2263.51,0.045,4323.3,4013,310.3
10-01-2025,C1018,Laptop,East,Online,Small Business,1,64661.1,0.084,59229.57,49011.76,10217.81
30-11-2025,C1215,Laptop,North,Online,Consumer,1,67116.05,0.033,64901.22,56042.87,8858.34
11-01-2025,C1172,Tablet,South,Online,Corporate,4,17777.13,0.107,63499.9,54092.18,9407.72
28-02-2025,C1197,Monitor,West,Distributor,Corporate,4,15789.46,0.024,61642.05,56946.63,4695.42
08-07-2025,C1028,Tablet,North,Online,Corporate,2,19221.45,0,38442.9,32858.09,5584.81
24-10-2025,C1233,Laptop,East,Distributor,Small Business,3,65296.99,0.076,181003.26,151362.61,29640.65
12-07-2025,C1177,Headphones,South,Online,Small Business,1,3260.58,0.094,2954.08,2728.7,225.38
18-11-2025,C1218,Monitor,North,Distributor,Corporate,3,14676.14,0.113,39053.22,35126.72,3926.5
17-12-2025,C1110,Smartphone,North,Retail,Small Business,1,28618.09,0.007,28417.76,20741.01,7676.76
05-12-2025,C1088,Mouse,North,Distributor,Small Business,2,1212.29,0.112,2153.03,1927.89,225.14
07-01-2025,C1246,Headphones,West,Online,Corporate,2,3612.92,0.073,6698.36,5897.3,801.06
05-07-2025,C1188,Printer,South,Retail,Consumer,1,12758.83,0,12758.83,12097.2,661.63
25-09-2025,C1212,Keyboard,West,Retail,Corporate,3,2081.05,0.038,6005.92,5551.85,454.07
31-10-2025,C1072,Keyboard,East,Online,Consumer,6,2253.47,0.127,11803.65,11071.59,732.07
19-08-2025,C1172,Monitor,West,Distributor,Small Business,1,14942.36,0.195,12028.6,10239.57,1789.04
14-07-2025,C1047,Mouse,North,Retail,Corporate,2,1294.8,0.048,2465.3,2270.99,194.31
07-09-2025,C1072,Monitor,East,Retail,Corporate,3,15557.69,0.031,45226.2,41792.25,3433.95
02-11-2025,C1022,Keyboard,North,Distributor,Consumer,4,2215.64,0.131,7701.56,7188.51,513.05
04-05-2025,C1177,Headphones,West,Distributor,Consumer,6,3491.89,0.011,20720.89,18017.6,2703.29
01-09-2025,C1076,Printer,West,Online,Consumer,1,11959.47,0.086,10930.96,9877.99,1052.97
24-04-2025,C1149,Headphones,South,Retail,Small Business,7,3435.28,0.084,22027.02,19843.32,2183.71
08-07-2025,C1141,Printer,East,Retail,Small Business,1,11978.76,0.066,11188.16,10047.55,1140.61
19-06-2025,C1065,Mouse,West,Retail,Corporate,4,1128.69,0.126,3945.91,3603.89,342.02
29-04-2025,C1191,Smartphone,South,Retail,Consumer,1,28092.16,0.12,24721.1,18623.96,6097.14
02-10-2025,C1124,Tablet,South,Online,Small Business,5,17738.76,0.183,72462.82,63125.08,9337.74
22-05-2025,C1059,Keyboard,North,Online,Corporate,4,2111.46,0.145,7221.2,6688.8,532.4
04-07-2025,C1137,Tablet,East,Online,Small Business,1,17130.68,0,17130.68,15190.87,1939.8
06-03-2025,C1075,Keyboard,North,,Small Business,7,2302.71,0.111,14329.73,12316.01,2013.72
24-12-2025,C1147,Tablet,West,Online,Consumer,2,17600.06,0.052,33369.71,29229.68,4140.02
26-05-2025,C1048,Printer,West,Retail,Corporate,1,12313.3,0.134,10663.32,10229.74,433.58
27-01-2025,C1103,Keyboard,West,Online,Consumer,5,2282.53,0.186,9289.9,8556.02,733.88
09-09-2025,C1208,Smartphone,North,Online,Consumer,2,28320.17,0.087,51712.63,39903.46,11809.17
16-10-2025,C1143,Keyboard,North,Online,Consumer,4,2116.34,0.12,7449.52,6861.17,588.34
02-08-2025,C1077,Monitor,West,Retail,Corporate,2,14990.15,0.08,27581.87,23452.59,4129.28
29-10-2025,C1016,Headphones,East,Distributor,Small Business,3,3758.54,0.111,10024.02,8775.05,1248.98
09-11-2025,C1068,Smartphone,South,Distributor,Consumer,8,27272.91,0.064,204219.52,156837.72,47381.8
05-12-2025,C1142,Smartphone,South,Online,Consumer,2,28164.32,0.072,52272.98,39196.23,13076.75
08-02-2025,C1177,Tablet,North,Retail,Corporate,3,18137.59,0.043,52073.02,44722.35,7350.68
01-11-2025,C1074,Printer,East,Online,Consumer,3,12609.58,0.066,35332.03,32638.51,2693.52
28-12-2025,C1060,Keyboard,West,Online,Small Business,7,2294.48,0.151,13636.09,12622.42,1013.67
16-05-2025,C1058,Monitor,West,Online,Small Business,1,15579.01,0,15579.01,13896.53,1682.48
28-11-2025,C1016,Tablet,East,Online,Consumer,4,19127.18,0.086,69928.96,60253.85,9675.11
26-03-2025,C1120,Keyboard,East,Retail,Consumer,6,2286.88,0.109,12225.68,10660.22,1565.45
19-12-2025,C1139,Keyboard,West,Retail,Small Business,5,2092,0.139,9006.06,7731.68,1274.39
10-09-2025,C1228,Printer,North,Distributor,Consumer,4,13221.88,0.024,51618.23,48110.96,3507.26
10-08-2025,C1059,Mouse,East,Online,Consumer,8,1259.96,0.13,8769.33,7960.05,809.28
12-12-2025,C1196,Laptop,East,Distributor,Consumer,1,63030.76,0.097,56916.78,49742.8,7173.97
31-03-2025,C1150,Printer,West,Retail,Consumer,1,11704.3,0.066,10931.81,10012.26,919.56
12-08-2025,C1105,Printer,North,Retail,Corporate,3,12155.92,0.072,33842.08,29381.46,4460.62
20-06-2025,C1106,Mouse,North,Online,Corporate,4,1153.59,0.058,4346.71,4004.16,342.55
22-12-2025,C1209,Printer,East,Distributor,Corporate,2,12488.7,0.188,20281.65,18595.79,1685.86
09-10-2025,C1065,Laptop,West,Online,Corporate,1,65541.8,0.16,55055.11,49056.49,5998.62
15-06-2025,C1169,Smartphone,West,Distributor,Consumer,1,27685.17,0.035,26716.19,19637.94,7078.24
05-10-2025,C1133,Printer,West,Online,Consumer,2,12637.76,0.109,22520.48,21393.64,1126.84
05-07-2025,C1069,Printer,West,Online,Consumer,1,12678.96,0.162,10624.97,9776.76,848.21
09-10-2025,C1125,Tablet,East,Retail,Small Business,3,18082.46,0.111,48225.93,40328.76,7897.17
04-03-2025,C1080,Laptop,South,Distributor,Consumer,5,63623.82,0.034,307303.07,253381.47,53921.6
10-10-2025,C1216,Laptop,West,Online,Consumer,3,62067.65,0.131,161810.36,133638.06,28172.31
28-02-2025,C1128,Printer,North,Distributor,Consumer,1,12444.63,0.129,10839.28,9827.73,1011.54
30-05-2025,C1063,Keyboard,West,Retail,Corporate,4,2219.75,0.119,7822.41,6835.39,987.01
22-08-2025,C1131,Tablet,West,Online,Small Business,5,16865,0.109,75133.56,61841.42,13292.14
11-03-2025,C1240,Smartphone,East,Retail,Corporate,2,28362.66,0.142,48670.32,38317.52,10352.8
17-09-2025,C1077,Keyboard,North,Retail,Small Business,6,2101.47,0.064,11801.85,11003.66,798.19
28-10-2025,C1124,Printer,South,Retail,Small Business,3,12538.41,0.132,32650.02,31344.02,1306
26-06-2025,C1223,Mouse,West,Retail,Corporate,6,1258.68,0.118,6660.93,5925.82,735.12
07-04-2025,C1012,Monitor,West,Online,Corporate,4,14957.04,0.076,55281.22,48698.91,6582.3
12-06-2025,C1203,Printer,West,Retail,Small Business,2,11982.52,0.074,22191.63,20743.62,1448.01
30-11-2025,C1129,Tablet,West,Online,Consumer,1,18100.33,0.1,16290.29,13825.35,2464.94
30-10-2025,C1135,Mouse,North,Retail,Consumer,6,1150.08,0.13,6003.44,5431.2,572.24
22-08-2025,C1249,Laptop,South,Retail,Small Business,2,67790.03,0.033,131105.91,110666.37,20439.54
21-03-2025,C1160,Smartphone,West,Retail,Corporate,4,27935.47,0.188,90734.4,70316.66,20417.73
21-12-2025,C1220,Headphones,North,Retail,Small Business,1,3527.66,0.127,3079.65,2706.3,373.35
01-10-2025,C1228,Headphones,East,Distributor,Small Business,3,3541.53,0.045,10146.48,8775.4,1371.08
07-09-2025,C1176,Laptop,North,Online,Small Business,5,67721.99,0.069,315245.87,260314.67,54931.2
28-05-2025,C1195,Monitor,North,Retail,Consumer,4,15009.35,0.072,55714.7,50555.9,5158.8
21-11-2025,C1077,Smartphone,West,Online,Small Business,3,27284.36,0.015,80625.29,65554.59,15070.7
15-01-2025,C1092,Laptop,East,Online,Corporate,1,67625.52,0.154,57211.19,49041.65,8169.54
11-07-2025,C1106,Headphones,South,Online,Small Business,3,3305.46,0.181,8121.51,7562.23,559.29
17-10-2025,C1157,Tablet,South,Online,Consumer,6,18282.3,0.069,102124.93,88309.72,13815.21
15-07-2025,C1060,Monitor,West,Distributor,Consumer,1,14477.66,0.105,12957.5,11721.44,1236.06
25-08-2025,C1003,Keyboard,West,Retail,Small Business,6,2180.23,0.036,12610.46,11176.01,1434.46
27-08-2025,C1242,Keyboard,South,Online,Corporate,4,2322.97,0.036,8957.38,8078.47,878.91
26-06-2025,C1117,Keyboard,West,Distributor,Corporate,6,2141.66,0.048,12233.19,11438.83,794.36
04-06-2025,C1061,Monitor,West,Retail,Consumer,3,14568.96,0.159,36757.48,31524.2,5233.28
15-07-2025,C1006,Mouse,East,Distributor,Corporate,5,1214.87,0.027,5910.35,5343.88,566.47
04-12-2025,C1222,Headphones,East,Online,Small Business,1,3506.13,0.099,3159.03,2823.14,335.88
18-12-2025,C1156,Laptop,West,Retail,Consumer,2,60618.19,0.146,103535.87,86156.38,17379.49
30-06-2025,C1174,Monitor,South,Distributor,Corporate,2,16006.62,0.08,29452.18,26325.53,3126.65
04-12-2025,C1011,Tablet,North,Distributor,Small Business,3,19172.45,0.106,51420.5,44709,6711.5
08-06-2025,C1188,Printer,North,Distributor,Corporate,1,12209.16,0.071,11342.31,10836.09,506.22
09-03-2025,C1107,Smartphone,East,Retail,Small Business,1,27137.63,0.082,24912.34,19286.02,5626.32
31-03-2025,C1136,Monitor,South,Distributor,Corporate,4,15417,0.01,61051.32,50754.18,10297.13
14-09-2025,C1248,Keyboard,South,Retail,Corporate,5,2255.39,0.035,10882.25,10042.94,839.3
01-06-2025,C1037,Mouse,North,Retail,Consumer,7,1203.5,0.084,7716.87,6949.02,767.84
26-04-2025,C1004,Headphones,East,,Corporate,3,3550.63,0.056,10055.4,8822.67,1232.73
16-05-2025,C1192,Smartphone,West,Retail,Small Business,1,26800.93,0.106,23960.04,19221.79,4738.25
11-12-2025,C1028,Keyboard,West,Distributor,Corporate,4,2010.55,0.03,7800.92,6945.04,855.87
12-12-2025,C1227,Monitor,West,Online,Small Business,4,14736.85,0.192,47629.49,40525.19,7104.3
15-10-2025,C1163,Mouse,South,Distributor,Consumer,6,1156.87,0.104,6219.35,5717.42,501.93
26-08-2025,C1012,Keyboard,West,Online,Consumer,8,1977.74,0.08,14556.14,13077.25,1478.89
20-01-2025,C1061,Keyboard,West,Online,Consumer,2,2246.61,0.083,4120.29,3715.52,404.77
03-10-2025,C1172,Tablet,West,Retail,Corporate,2,18203.98,0.102,32694.34,28765.53,3928.81
23-12-2025,C1026,Headphones,South,Retail,Small Business,3,3491.23,0.049,9960.47,9005.18,955.3
08-09-2025,C1095,Headphones,East,Online,Small Business,1,3542.34,0.062,3322.72,3009.38,313.34
22-04-2025,C1026,Printer,West,Online,Corporate,1,12501.52,0.087,11413.89,10490.24,923.65
18-12-2025,C1071,Mouse,East,Online,Corporate,4,1193.83,0.134,4135.43,3702.31,433.12
08-04-2025,C1055,Smartphone,West,Online,Small Business,1,27645.35,0.134,23940.87,18147.99,5792.88
25-11-2025,C1033,Laptop,North,Retail,Consumer,1,63501.07,0.114,56261.95,50904.47,5357.48
17-10-2025,C1151,Monitor,North,Distributor,Consumer,1,14522.14,0.119,12794,11223.91,1570.09
21-04-2025,C1001,Monitor,East,Online,Small Business,1,14403.54,0.03,13971.43,12305.67,1665.77
22-05-2025,C1205,Tablet,South,Distributor,Corporate,3,17971.14,0.026,52511.66,43626.4,8885.26
31-03-2025,C1092,Smartphone,North,Online,Consumer,2,29647.71,0.041,56864.31,44651.74,12212.57
02-05-2025,C1014,Mouse,North,Online,Corporate,8,1244.22,0.076,9197.31,8137.19,1060.12
06-03-2025,C1122,Headphones,North,Distributor,Consumer,3,3333.22,0.135,8649.7,7684.68,965.02
18-08-2025,C1057,Mouse,North,Retail,Small Business,4,1208.86,0.064,4525.99,4316.34,209.65
11-11-2025,C1247,Laptop,East,Retail,Small Business,3,68082.83,0.036,196895.55,161853.29,35042.26
16-01-2025,C1176,Laptop,West,Retail,Corporate,1,63032.33,0.125,55153.29,48289.2,6864.09
25-02-2025,C1083,Printer,West,Online,Consumer,1,13164.1,0.148,11215.81,10274.74,941.07
08-11-2025,C1160,Tablet,North,Online,Corporate,2,19295.48,0.146,32956.67,27728.26,5228.41
21-11-2025,C1076,Mouse,West,Distributor,Small Business,4,1149.85,0.107,4107.26,3942.97,164.29
21-08-2025,C1219,Headphones,North,Distributor,Consumer,3,3461.25,0.07,9656.88,8520.41,1136.47
02-12-2025,C1106,Monitor,West,Retail,Consumer,5,14850.79,0.117,65566.22,55063.58,10502.64
23-06-2025,C1025,Printer,West,Retail,Small Business,4,12515.16,0.095,45304.86,42240.41,3064.45
10-06-2025,C1096,Headphones,East,Distributor,Corporate,3,3569.22,0.076,9893.88,8626.57,1267.31
20-03-2025,C1024,Printer,North,Online,Consumer,3,12811.77,0.162,32208.8,29689.55,2519.25
10-08-2025,C1016,Smartphone,East,Online,Small Business,2,27765.89,0.121,48812.44,39111.6,9700.84
28-10-2025,C1224,Mouse,North,Retail,Corporate,6,1269.83,0.093,6910.42,6608.06,302.36
07-12-2025,C1080,Headphones,North,Retail,Small Business,1,3385.59,0.03,3284.03,3094.71,189.31
30-06-2025,C1124,Smartphone,South,Online,Small Business,4,29414.09,0.011,116362.16,92367.87,23994.29
25-04-2025,C1030,Smartphone,East,Distributor,Corporate,1,29727.16,0.195,23930.37,17465.52,6464.84
23-05-2025,C1158,Monitor,West,Distributor,Small Business,4,15787.45,0.08,58097.8,49505.28,8592.52
12-12-2025,C1070,Laptop,East,Online,Consumer,4,63136.26,0.051,239665.25,212502.41,27162.84
26-12-2025,C1047,Keyboard,East,Retail,Consumer,6,2105.25,0.164,10559.94,9596.24,963.7
15-03-2025,C1163,Headphones,North,Online,Small Business,3,3324.53,0.092,9056.02,7980.93,1075.1
16-01-2025,C1117,Smartphone,South,Retail,Corporate,2,26019.35,0.086,47563.37,36715.15,10848.21
24-06-2025,C1084,Tablet,East,Retail,Small Business,3,18369.79,0.073,51086.39,44614.64,6471.75
18-10-2025,C1194,Smartphone,North,Online,Consumer,2,27576.13,0.089,50243.71,42796.69,7447.02
13-11-2025,C1170,Laptop,North,Retail,Corporate,3,66027.8,0.073,183623.32,156876.01,26747.32
06-08-2025,C1056,Printer,West,Retail,Corporate,2,12398.16,0.075,22936.6,21834.49,1102.11
20-09-2025,C1073,Smartphone,East,Retail,Consumer,2,27659.71,0.043,52940.68,39218.32,13722.36
14-12-2025,C1102,Printer,East,Online,Consumer,1,12492.99,0.056,11793.38,10937.88,855.51
03-11-2025,C1243,Laptop,North,Online,Corporate,3,65642.4,0.029,191216.31,160204.23,31012.09
19-04-2025,C1031,Tablet,East,Retail,Corporate,2,17619.08,0.01,34885.78,29309.06,5576.72
04-01-2025,C1098,Printer,West,Online,Consumer,2,12540,0.024,24478.07,22551.71,1926.37
30-09-2025,C1221,Monitor,East,Online,Corporate,1,14674.9,0.061,13779.73,11908.11,1871.62
22-01-2025,C1221,Headphones,North,Retail,Consumer,2,3560.03,0.06,6692.86,5840.68,852.19
10-06-2025,C1107,Headphones,West,Distributor,Small Business,1,3753.61,0.097,3389.51,3023.67,365.84
29-05-2025,C1044,Smartphone,West,Online,Corporate,1,27497.81,0.043,26315.41,19203.66,7111.75
13-11-2025,C1217,Printer,East,Online,Corporate,3,12528.51,0.143,32210.79,30477.24,1733.55
24-02-2025,C1135,Monitor,West,Distributor,Corporate,2,14710.35,0.077,27155.31,24543.87,2611.44
10-02-2025,C1057,Headphones,East,Distributor,Corporate,2,3571.6,0.064,6686.03,5897.5,788.53
20-06-2025,C1030,Tablet,North,Distributor,Small Business,1,17956.05,0.079,16537.52,14526.5,2011.02
29-09-2025,C1246,Monitor,East,Retail,Small Business,3,15303.25,0.127,40079.22,33957.65,6121.57
27-11-2025,C1066,Tablet,South,Online,Consumer,3,18261.05,0.054,51824.86,42796.42,9028.44
12-04-2025,C1046,Tablet,South,Distributor,Consumer,5,18472.58,0.124,80909.9,67895.93,13013.97
18-11-2025,C1115,Printer,West,Distributor,Small Business,3,12226.75,0.061,34442.74,32475.82,1966.92
15-12-2025,C1018,Mouse,East,Online,Corporate,5,1211.58,0.089,5518.74,5005.32,513.42
29-08-2025,C1015,Printer,East,Retail,Small Business,4,12406.43,0.08,45655.65,41334.66,4321
30-06-2025,C1010,Smartphone,East,Retail,Corporate,1,30900.31,0.133,26790.57,20508.43,6282.14
30-01-2025,C1222,Mouse,East,Online,Small Business,5,1151.69,0.095,5211.38,4645.96,565.42
16-02-2025,C1245,Headphones,West,Distributor,Small Business,3,3496.8,0.138,9042.72,8273.93,768.79
22-01-2025,C1122,Printer,South,Retail,Small Business,2,12217.36,0.057,23041.94,21665.59,1376.35
14-09-2025,C1208,Tablet,North,Retail,Consumer,3,18895.57,0.012,56006.48,48309.82,7696.66
25-06-2025,C1182,Smartphone,South,Online,Consumer,2,26679.48,0.135,46155.49,34630.84,11524.66
13-08-2025,C1235,Printer,South,Retail,Corporate,1,12370.55,0.093,11220.09,10270.11,949.97
25-05-2025,C1154,Headphones,West,Retail,Small Business,3,3359.95,0.059,9485.15,8602.5,882.65
27-01-2025,C1143,Mouse,North,Retail,Consumer,2,1232.04,0.113,2185.64,2077.01,108.62
14-12-2025,C1219,Headphones,East,Retail,Small Business,3,3261.32,0.118,8629.44,8171.44,458.01
03-12-2025,C1170,Tablet,East,Online,Small Business,4,17934.82,0.056,67721.87,57678.75,10043.12
14-03-2025,C1170,Mouse,East,Distributor,Small Business,6,1242.66,0.089,6792.36,6338.42,453.94
20-07-2025,C1097,Tablet,North,Retail,Small Business,2,19323.49,0.097,34898.23,30207.44,4690.79
26-11-2025,C1213,Mouse,South,Distributor,Small Business,1,1238.4,0.064,1159.14,1112.77,46.37
17-12-2025,C1005,Smartphone,West,Distributor,Corporate,2,29007.03,0.099,52270.67,39591.81,12678.86
05-07-2025,C1243,Keyboard,South,Online,Corporate,2,2206.16,0.09,4015.22,3497.07,518.15
06-09-2025,C1020,Monitor,South,Online,Consumer,1,15698.11,0.096,14191.09,12394.09,1797
01-06-2025,C1225,Smartphone,North,Distributor,Corporate,5,29650.94,0.109,132094.95,104196.54,27898.41
13-11-2025,C1047,Tablet,West,Online,Consumer,5,18563.67,0.034,89662.51,79273.98,10388.53
21-12-2025,C1094,Tablet,West,Online,Corporate,4,18031.39,0.081,66283.4,54194.88,12088.52
13-12-2025,C1193,Monitor,West,Distributor,Corporate,1,14207.99,0.047,13540.21,12122.47,1417.74
18-08-2025,C1232,Monitor,South,Retail,Corporate,1,14156.21,0.078,13052.03,11512.9,1539.13
10-04-2025,C1200,Mouse,West,Retail,Corporate,4,1172.28,0.129,4084.22,3708.46,375.76
15-07-2025,C1036,Headphones,South,Online,Small Business,3,3375.93,0.203,8071.85,7129.73,942.12
09-05-2025,C1240,Laptop,West,Retail,Small Business,3,63302.47,0.062,178133.15,155767.2,22365.95
22-02-2025,C1070,Smartphone,East,Online,Consumer,4,27458.97,0,109835.89,85268.91,24566.97
19-08-2025,C1210,Tablet,West,Online,Consumer,1,18645.72,0.153,15792.93,13687.94,2104.99
19-08-2025,C1102,Mouse,North,Retail,Consumer,4,1224.57,0.04,4702.36,4345.96,356.4
15-09-2025,C1096,Mouse,South,Retail,Consumer,4,1211.19,0.112,4302.16,3855.48,446.69
25-04-2025,C1167,Laptop,East,Online,Small Business,2,65151.71,0.093,118185.21,101476.14,16709.07
21-06-2025,C1235,Tablet,South,Online,Corporate,1,17535.19,0.004,17465.05,13850.61,3614.44
30-08-2025,C1002,Tablet,West,Retail,Small Business,1,18115.1,0.058,17064.42,15113.82,1950.6
10-02-2025,C1141,Laptop,East,Online,Consumer,5,67389.8,0.026,328188.33,267468.71,60719.62
08-11-2025,C1078,Headphones,North,Retail,Consumer,6,3243.01,0.05,18485.15,15910.51,2574.63
04-03-2025,C1204,Laptop,South,Retail,Small Business,4,64441.21,0.03,250031.88,211952.24,38079.64
15-11-2025,C1153,Printer,North,Online,Corporate,1,13155.15,0.115,11642.31,10421.13,1221.19
02-10-2025,C1075,Laptop,South,Distributor,Consumer,1,62904.74,0.004,62653.12,51117.35,11535.77
08-08-2025,C1107,Laptop,East,Online,Small Business,1,64931.35,0.153,54996.85,45812.15,9184.7
06-04-2025,C1140,Smartphone,East,Online,Small Business,2,27467.21,0.08,50539.67,39549.98,10989.69
17-09-2025,C1163,Laptop,West,Retail,Consumer,1,64770.26,0.098,58422.77,49615.55,8807.22
18-07-2025,C1092,Mouse,East,Distributor,Consumer,1,1276.74,0.068,1189.92,1078.04,111.88
04-02-2025,C1161,Mouse,South,Distributor,Small Business,7,1194.85,0.067,7803.56,7091.93,711.63
23-02-2025,C1140,Mouse,South,Online,Corporate,4,1212.02,0.151,4116.03,3809.29,306.73
23-06-2025,C1162,Tablet,West,Distributor,Corporate,1,17091.75,0.135,14784.37,13034.28,1750.08
04-04-2025,C1010,Tablet,North,Distributor,Corporate,4,17338.04,0.173,57354.25,52952.72,4401.53
31-05-2025,C1081,Monitor,North,Online,Consumer,5,14720.81,0.067,68672.6,60613.78,8058.82
08-06-2025,C1193,Headphones,West,Retail,Consumer,2,3747.68,0.092,6805.78,6118.7,687.08
28-11-2025,C1222,Monitor,East,Retail,Consumer,4,15226.26,0.093,55240.87,48652.38,6588.49
02-12-2025,C1112,Mouse,East,Online,Corporate,5,1265.97,0.053,5994.38,5754.61,239.78
24-07-2025,C1128,Printer,West,Retail,Consumer,6,13082.9,0.221,61149.49,57181.58,3967.91
21-12-2025,C1206,Printer,East,Distributor,Corporate,1,13001.78,0.074,12039.65,10494.59,1545.06
12-02-2025,C1211,Headphones,North,Retail,Small Business,1,3773.99,0.089,3438.1,3080.66,357.44
03-04-2025,C1084,Keyboard,East,Online,Consumer,5,2139.81,0.04,10271.1,9381.52,889.58
05-12-2025,C1184,Keyboard,East,Retail,Small Business,3,2237.08,0.119,5912.61,5409.12,503.48
07-08-2025,C1011,Tablet,West,Retail,Corporate,5,17982.7,0.043,86047.22,77529.12,8518.1
30-06-2025,C1020,Headphones,East,Distributor,Consumer,1,3389.06,0.007,3365.34,3021.06,344.28
10-12-2025,C1174,Headphones,East,Distributor,Small Business,2,3585.21,0.081,6589.61,5941.07,648.54
23-03-2025,C1201,Laptop,South,Distributor,Small Business,3,64580.45,0.07,180179.46,154547.01,25632.46
13-08-2025,C1200,Laptop,South,Online,Consumer,1,63362.25,0.119,55822.14,47106.8,8715.34
27-11-2025,C1009,Mouse,East,Retail,Small Business,7,1158.98,0.112,7204.19,6567.52,636.68
06-11-2025,C1114,Tablet,West,Retail,Corporate,4,17646.02,0.089,64302.1,54002.32,10299.79
09-02-2025,C1167,Tablet,East,Retail,Corporate,4,17468.06,0.036,67356.85,56428.34,10928.51
23-05-2025,C1048,Monitor,North,Online,Small Business,2,15091.41,0.056,28492.59,25659.3,2833.29
13-09-2025,C1181,Headphones,North,Retail,Corporate,1,3412.33,0.13,2968.73,2641.03,327.7
17-08-2025,C1052,Monitor,East,Distributor,Corporate,2,14479.72,0.117,25571.19,22923.37,2647.82
04-03-2025,C1231,Tablet,North,Retail,Consumer,2,18739.74,0.066,35005.84,30685.88,4319.97
16-08-2025,C1182,Smartphone,East,Distributor,Corporate,5,30219.49,0.077,139462.97,103311.45,36151.52
03-02-2025,C1182,Keyboard,East,Online,Small Business,1,2245.96,0.02,2201.04,2025.86,175.18
25-12-2025,C1032,Tablet,East,Distributor,Consumer,6,18866.8,0.108,100975.1,87190.6,13784.5
13-04-2025,C1093,Tablet,South,Retail,Consumer,4,16988.71,0.06,63877.56,57196.77,6680.8
11-10-2025,C1157,Mouse,West,Distributor,Consumer,5,1300.98,0.063,6095.1,5649.1,446.01
14-02-2025,C1185,Smartphone,East,Retail,Small Business,3,29427.54,0.096,79807.5,60633.62,19173.88
03-09-2025,C1033,Headphones,West,Distributor,Consumer,2,3589.37,0.039,6898.78,6196.59,702.19
12-06-2025,C1133,Smartphone,West,Retail,Small Business,1,28045.83,0.107,25044.93,20162.53,4882.39
26-06-2025,C1129,Tablet,South,Online,Corporate,2,17183.65,0.011,33989.27,29416.04,4573.23
29-01-2025,C1042,Smartphone,South,Retail,Consumer,3,28602.63,0,85807.89,67019.57,18788.32
15-06-2025,C1217,Monitor,East,Distributor,Corporate,4,15011.77,0.1,54042.37,46648.21,7394.16
10-02-2025,C1071,Keyboard,South,Distributor,Small Business,2,2286.32,0.107,4083.36,3750.79,332.57
06-03-2025,C1044,Keyboard,North,Distributor,Small Business,3,2081.07,0.124,5469.06,4830.52,638.54
31-10-2025,C1185,Tablet,South,Distributor,Small Business,2,17925.66,0.11,31907.67,28751.35,3156.32
06-11-2025,C1012,Mouse,North,Online,Consumer,9,1170.41,0.023,10291.46,9564.67,726.78
25-11-2025,C1159,Keyboard,South,Distributor,Corporate,7,2128.64,0.066,13917.08,12962.92,954.16
24-11-2025,C1075,Laptop,West,Distributor,Small Business,4,64594.86,0.031,250369.69,210073.56,40296.14
25-11-2025,C1104,Keyboard,West,Online,Small Business,3,2274.05,0.106,6099.01,5583.29,515.73
02-06-2025,C1041,Printer,North,Distributor,Consumer,3,11883.93,0.071,33120.51,30431.24,2689.27
14-08-2025,C1088,Headphones,West,Retail,Consumer,2,3276.26,0.097,5916.93,5197.7,719.23
07-11-2025,C1188,Tablet,East,Distributor,Corporate,2,18029.79,0.087,32922.4,27861.65,5060.76
26-06-2025,C1144,Headphones,South,Retail,Small Business,6,3752.61,0.054,21299.81,19058.48,2241.32
24-02-2025,C1069,Mouse,South,Retail,Consumer,6,1190.04,0.108,6369.1,5759.48,609.62
19-08-2025,C1075,Monitor,South,Online,Consumer,1,15281.74,0.023,14930.26,12872.09,2058.18
16-07-2025,C1240,Headphones,South,Online,Corporate,1,3431.88,0.079,3160.76,2875.99,284.77
23-10-2025,C1132,Mouse,South,Online,Corporate,4,1168.83,0.095,4231.16,3752.91,478.26
28-08-2025,C1024,Printer,East,Retail,Consumer,5,12895.31,0.049,61317.21,58864.52,2452.69
21-07-2025,C1091,Printer,South,Online,Small Business,2,11736.86,0.12,20656.88,19194.08,1462.8
25-01-2025,C1226,Laptop,East,Retail,Small Business,1,66784.43,0.062,62643.79,52454.95,10188.85
01-12-2025,C1217,Printer,East,Distributor,Consumer,4,12889.64,0.106,46093.34,43201.65,2891.69
25-02-2025,C1094,Headphones,South,Retail,Small Business,5,3314.43,0.098,14948.07,13509.59,1438.48
26-07-2025,C1146,Mouse,North,Retail,Consumer,3,1200.53,0.034,3479.15,3139.09,340.06
15-10-2025,C1019,Monitor,East,Distributor,Corporate,4,15715.5,0.111,55884.33,51663.09,4221.24
17-07-2025,C1157,Printer,East,Distributor,Small Business,1,12673.84,0.094,11482.5,10818.59,663.91
02-03-2025,C1204,Tablet,North,,Corporate,1,16157.97,0.111,14364.44,12616.11,1748.33
23-06-2025,C1131,Mouse,South,Online,Small Business,2,1232.61,0.034,2381.4,2259.28,122.12
25-07-2025,C1183,Laptop,North,Online,Consumer,3,62448.97,0.134,162242.42,138167.29,24075.14
20-06-2025,C1229,Printer,West,Online,Small Business,5,13369.45,0.101,60095.68,54418.35,5677.33
21-09-2025,C1042,Tablet,East,Distributor,Corporate,1,18275.83,0.161,15333.42,13002.63,2330.8
21-07-2025,C1137,Keyboard,East,Distributor,Small Business,3,2060.22,0.054,5846.89,5146.3,700.59
08-09-2025,C1085,Keyboard,West,Online,Corporate,5,2287.61,0.129,9962.53,8763.02,1199.51
11-12-2025,C1204,Smartphone,West,Distributor,Corporate,5,26544.99,0.077,122505.13,99297.18,23207.95
19-12-2025,C1201,Laptop,West,Retail,Small Business,7,63609.69,0.1,400741.07,343760.64,56980.43
24-10-2025,C1044,Monitor,North,Distributor,Corporate,1,14089.28,0.145,12046.33,10708.29,1338.04
26-09-2025,C1009,Headphones,South,Distributor,Consumer,4,3505.59,0.162,11750.74,10528.06,1222.68
21-10-2025,C1081,Smartphone,South,Online,Corporate,3,26748.8,0.092,72863.74,58677.34,14186.4
03-08-2025,C1106,Tablet,West,Distributor,Consumer,4,18188.1,0.135,62930.83,54701.48,8229.34
14-09-2025,C1133,Printer,North,Distributor,Consumer,2,13124.89,0.086,23992.3,23032.61,959.69
17-04-2025,C1081,Mouse,West,Distributor,Corporate,4,1118.05,0.056,4221.74,4001.85,219.9
30-03-2025,C1174,Printer,East,Distributor,Corporate,1,12770.53,0.136,11033.74,10303.71,730.02
15-12-2025,C1072,Keyboard,West,Online,Consumer,6,2115.77,0.037,12224.92,10897.36,1327.56
13-10-2025,C1181,Keyboard,South,Retail,Corporate,2,2333.2,0.078,4302.41,3938.15,364.27
17-04-2025,C1144,Printer,East,Retail,Corporate,3,12168.61,0.043,34936.07,33538.63,1397.44
21-05-2025,C1140,Keyboard,North,Distributor,Small Business,5,2192.66,0.074,10152.03,9089.69,1062.33
14-07-2025,C1011,Headphones,East,Online,Corporate,1,3674.69,0.147,3134.51,2696.47,438.04
28-05-2025,C1066,Smartphone,East,Retail,Small Business,2,29139.78,0.126,50936.34,39384.62,11551.72
03-09-2025,C1239,Monitor,South,Distributor,Corporate,2,15166.08,0.07,28208.9,23650.12,4558.78
15-10-2025,C1190,Keyboard,South,Online,Small Business,2,2065.26,0.113,3663.78,3250.3,413.48
28-10-2025,C1232,Monitor,South,Online,Small Business,4,14915.44,0.041,57215.64,49896.99,7318.65
29-09-2025,C1106,Monitor,South,Online,Consumer,2,16049.75,0.089,29242.65,24723.59,4519.05
19-06-2025,C1002,Printer,North,Distributor,Consumer,3,12382.8,0.093,33693.59,31995.23,1698.35
09-10-2025,C1123,Tablet,West,Distributor,Corporate,1,17951.63,0.049,17072,14987.41,2084.59
30-11-2025,C1166,Monitor,East,Retail,Corporate,3,15283.2,0.102,41172.94,36154.01,5018.94
31-01-2025,C1186,Smartphone,South,Distributor,Small Business,3,27145.12,0.113,72233.16,56273.36,15959.81
20-01-2025,C1215,Tablet,West,Online,Consumer,4,17805.86,0.116,62961.51,52404.5,10557.02
23-07-2025,C1225,Printer,South,Distributor,Corporate,2,12197.07,0.109,21735.18,19279.44,2455.74
20-01-2025,C1028,Laptop,East,Distributor,Small Business,3,67234.93,0.055,190611.02,161958.04,28652.98
21-06-2025,C1135,Keyboard,West,Distributor,Small Business,3,2156.61,0.078,5965.17,5153.37,811.8
10-09-2025,C1208,Tablet,West,Retail,Consumer,2,17252.02,0.104,30915.62,26482.54,4433.08
27-02-2025,C1166,Mouse,South,Distributor,Corporate,4,1341.56,0.087,4899.36,4354.96,544.4
12-05-2025,C1203,Tablet,North,Distributor,Corporate,4,17018.37,0.028,66167.43,55733.43,10434
01-06-2025,C1230,Monitor,South,Distributor,Small Business,2,15105.13,0.08,27793.43,22383.96,5409.48
27-07-2025,C1172,Headphones,East,Online,Corporate,4,3722.73,0.062,13967.67,12816.39,1151.28
18-02-2025,C1240,Tablet,South,Retail,Corporate,3,18080.72,0.096,49034.9,40031.31,9003.59
08-05-2025,C1115,Laptop,East,Retail,Consumer,1,66104.91,0.067,61675.88,53009.89,8665.99
17-05-2025,C1147,Mouse,East,Distributor,Small Business,4,1133.87,0.067,4231.62,3952.84,278.78
06-01-2025,C1016,Keyboard,East,Distributor,Consumer,7,2247.05,0.041,15084.43,14481.05,603.38
08-12-2025,C1104,Smartphone,West,Retail,Consumer,3,26963.52,0.08,74419.33,57571.94,16847.39
18-12-2025,C1095,Keyboard,North,Distributor,Corporate,4,2215.55,0.074,8206.41,7878.16,328.26
11-11-2025,C1040,Monitor,South,Online,Corporate,1,16572.48,0.092,15047.81,13660.39,1387.42
21-08-2025,C1234,Mouse,West,Distributor,Small Business,3,1284.41,0.093,3494.89,3182.79,312.1
30-08-2025,C1224,Monitor,South,Distributor,Small Business,4,15200.24,0.098,54842.45,48669.4,6173.05
11-02-2025,C1029,Printer,East,Online,Small Business,2,12271.35,0.136,21204.89,19743.25,1461.64
01-02-2025,C1219,Monitor,South,Online,Corporate,1,14834.58,0.083,13603.31,11651,1952.31
24-09-2025,C1184,Printer,North,Distributor,Consumer,2,12605.64,0.053,23875.09,21487.53,2387.56
26-10-2025,C1208,Printer,North,Distributor,Corporate,3,12182.32,0.058,34427.23,33041.25,1385.98
29-01-2025,C1117,Printer,South,Distributor,Corporate,1,11397.22,0.053,10793.16,9795.59,997.58
16-10-2025,C1186,Laptop,West,Distributor,Corporate,1,66693.96,0.137,57556.89,49984.82,7572.06
12-01-2025,C1056,Headphones,East,Online,Small Business,1,3593.57,0.107,3209.06,2914.96,294.1
24-10-2025,C1180,Smartphone,North,Retail,Corporate,6,29203.16,0.084,160500.55,119066.59,41433.96
02-02-2025,C1074,Laptop,North,Retail,Consumer,2,66204.28,0.093,120094.56,100287.09,19807.47
29-07-2025,C1166,Tablet,South,Distributor,Small Business,5,19302.7,0.094,87441.23,75676.12,11765.12
04-08-2025,C1097,Mouse,West,Retail,Corporate,3,1132.53,0.063,3183.55,2927.62,255.93
11-02-2025,C1138,Tablet,East,Online,Consumer,1,17346.42,0.121,15247.5,12533.72,2713.78
21-07-2025,C1077,Tablet,South,Online,Consumer,4,17961.96,0.084,65812.64,58938.52,6874.12
26-08-2025,C1118,Headphones,West,Online,Consumer,1,3358.14,0.13,2921.58,2548.99,372.59
27-06-2025,C1196,Tablet,East,Online,Small Business,4,18419.06,0.049,70066.1,59800.64,10265.46
27-02-2025,C1062,Laptop,West,Distributor,Consumer,2,64135.14,0.056,121087.15,100225.22,20861.93
16-04-2025,C1115,Smartphone,North,Distributor,Consumer,1,29304.43,0.024,28601.12,21829.27,6771.84
03-11-2025,C1103,Laptop,South,Distributor,Consumer,5,68019.64,0.067,317311.61,272977.28,44334.32
13-08-2025,C1129,Monitor,South,Online,Consumer,4,14853.55,0.034,57394.12,50563.23,6830.89
29-05-2025,C1198,Monitor,East,Distributor,Small Business,4,15800.94,0.074,58526.69,50582.06,7944.63
11-12-2025,C1170,Mouse,South,Retail,Consumer,5,1284.23,0.154,5432.29,4757.49,674.8
24-09-2025,C1016,Monitor,West,Retail,Corporate,2,15220.59,0.058,28675.59,26740.01,1935.58
13-10-2025,C1013,Tablet,West,Distributor,Corporate,5,18088.95,0.053,85651.2,69475.63,16175.57
26-06-2025,C1105,Headphones,East,Distributor,Corporate,3,3774.76,0.057,10678.8,9503.15,1175.65
18-03-2025,C1122,Keyboard,West,Online,Small Business,6,2360.16,0.062,13282.96,11638.33,1644.63
04-05-2025,C1207,Monitor,East,Distributor,Consumer,1,15313.85,0.101,13767.15,11657.03,2110.11
26-08-2025,C1136,Laptop,West,Retail,Small Business,6,62007.36,0.091,338188.16,280811.81,57376.35
10-03-2025,C1085,Headphones,South,Retail,Consumer,3,3489.65,0.071,9725.65,8765.64,960
28-11-2025,C1138,Smartphone,West,Retail,Consumer,1,28697.44,0.029,27865.21,21296.32,6568.9
08-04-2025,C1155,Laptop,East,Retail,Small Business,3,65658.23,0.044,188307.8,154316.62,33991.18
05-11-2025,C1186,Laptop,North,Online,Small Business,3,64489.19,0.057,182439.91,154188.45,28251.46
10-12-2025,C1078,Monitor,West,Online,Corporate,1,14604.24,0.046,13932.44,12506.06,1426.38
08-01-2025,C1192,Monitor,South,Distributor,Consumer,2,14855.1,0.068,27689.91,24409.88,3280.03
03-09-2025,C1142,Monitor,South,Retail,Consumer,2,14391.04,0.102,25846.31,23236.6,2609.71
14-06-2025,C1167,Keyboard,West,Retail,Small Business,4,2150.95,0.107,7683.18,6994.19,688.99
03-07-2025,C1226,Keyboard,East,Retail,Small Business,3,2250.44,0.038,6494.76,6135.25,359.51
12-09-2025,C1195,Printer,North,Distributor,Corporate,2,12509.02,0.028,24317.54,23344.84,972.7
13-06-2025,C1012,Monitor,East,Retail,Corporate,1,13868.54,0.115,12273.66,10921.65,1352
16-10-2025,C1142,Monitor,South,Online,Corporate,1,13606.83,0.027,13239.44,11471.37,1768.08
27-10-2025,C1085,Headphones,East,Online,Consumer,4,3460.96,0.154,11711.88,10176.11,1535.77
28-04-2025,C1168,Headphones,South,Retail,Small Business,2,3294.35,0,6588.7,5933.86,654.84
17-12-2025,C1165,Mouse,East,Retail,Small Business,5,1212.57,0.127,5292.88,5035.53,257.35
09-09-2025,C1044,Printer,South,Distributor,Corporate,3,12931.9,0,38795.69,36945.45,1850.24
13-03-2025,C1246,Printer,South,Distributor,Small Business,2,12196.06,0.098,22001.7,20758.12,1243.58
31-01-2025,C1196,Laptop,North,Distributor,Consumer,5,63665.69,0.135,275354.11,236239.5,39114.61
04-01-2025,C1018,Headphones,South,Distributor,Consumer,3,3345.68,0.07,9334.44,8148.65,1185.79
29-12-2025,C1117,Tablet,North,Online,Small Business,2,18270.16,0.093,33142.06,27380.3,5761.76
11-07-2025,C1005,Laptop,West,Distributor,Corporate,1,63142.18,0.111,56133.4,47519.31,8614.08
04-01-2025,C1185,Headphones,North,Online,Small Business,2,3406.51,0.038,6554.13,5785.3,768.83
21-05-2025,C1173,Keyboard,North,Distributor,Small Business,5,2153.69,0.072,9993.12,8646.96,1346.16
09-08-2025,C1039,Tablet,North,Online,Small Business,2,17200.8,0.053,32578.31,26054.46,6523.85
04-05-2025,C1204,Monitor,East,Retail,Corporate,3,15033.8,0.09,41042.28,36642.7,4399.58
23-07-2025,C1145,Smartphone,East,Retail,Corporate,2,27524.86,0.078,50755.83,40312.61,10443.22
05-05-2025,C1168,Monitor,East,Distributor,Consumer,2,15732.74,0.095,28476.26,25405.92,3070.34
29-11-2025,C1097,Laptop,North,Retail,Corporate,2,66970.6,0.047,127645.96,105035.05,22610.91
10-10-2025,C1180,Printer,North,Distributor,Consumer,2,13266.93,0.163,22208.84,20577.68,1631.15
29-03-2025,C1201,Smartphone,West,Retail,Small Business,1,28219.35,0.103,25312.75,19304.13,6008.63
19-06-2025,C1231,Smartphone,North,Online,Consumer,6,28981.17,0.014,171452.62,127420.71,44031.91
21-12-2025,C1176,Printer,East,Online,Consumer,3,12303.76,0.006,36689.83,33207.44,3482.39
24-05-2025,C1247,Laptop,South,Retail,Consumer,2,62151.96,0.059,116969.98,97382.21,19587.77
17-04-2025,C1042,Tablet,West,Online,Corporate,3,17731.96,0.173,43993,36926.9,7066.1
16-10-2025,C1085,Monitor,West,Distributor,Small Business,4,14430.65,0.117,50969.06,42626.23,8342.82
16-07-2025,C1250,Tablet,North,Distributor,Small Business,5,17561.82,0.043,84033.29,73379.92,10653.37
27-06-2025,C1215,Laptop,North,Retail,Consumer,2,65596.22,0.032,126994.28,101237.72,25756.56
08-02-2025,C1163,Mouse,West,Retail,Consumer,5,1151.58,0.086,5262.74,4878.21,384.53
20-05-2025,C1142,Printer,West,Online,Corporate,7,12733.36,0.112,79150.55,72608.03,6542.52
12-07-2025,C1170,Headphones,South,Distributor,Small Business,1,3486.4,0.034,3367.87,2984.86,383
14-07-2025,C1019,Smartphone,East,Online,Small Business,1,28474.14,0.049,27078.91,19712.93,7365.98
12-02-2025,C1201,Keyboard,South,Retail,Small Business,3,2239.66,0.077,6201.61,5648.23,553.38
21-11-2025,C1028,Tablet,West,Retail,Corporate,1,17702.2,0.073,16409.94,13338.13,3071.81
16-02-2025,C1195,Laptop,East,Retail,Corporate,2,67674.5,0,135349,112239.64,23109.36
19-05-2025,C1111,Smartphone,South,Online,Consumer,2,27346.37,0.1,49223.46,37116.49,12106.98
18-08-2025,C1091,Headphones,North,Online,Consumer,1,3103.5,0.012,3066.26,2763.55,302.7
11-10-2025,C1075,Smartphone,East,Retail,Consumer,4,28460.05,0.105,101886.99,79947.67,21939.32
31-07-2025,C1232,Headphones,North,Distributor,Small Business,2,3504.82,0.057,6610.09,6294.19,315.91
05-05-2025,C1069,Tablet,West,Online,Consumer,3,17753.36,0.05,50597.09,43297.87,7299.22
04-06-2025,C1043,Keyboard,West,Online,Consumer,5,2019.61,0.112,8967.05,7810.51,1156.54
11-08-2025,C1201,Keyboard,West,Retail,Corporate,4,2105.9,0.065,7876.08,7440.32,435.75
09-02-2025,C1161,Mouse,East,Online,Small Business,4,1184.02,0.094,4290.9,3957.64,333.25
11-09-2025,C1078,Monitor,West,Online,Consumer,3,16052.96,0.056,45461.98,39985.63,5476.35
04-01-2025,C1206,Headphones,East,Distributor,Corporate,6,3421.38,0.146,17531.14,14730.6,2800.54
18-06-2025,C1250,Printer,East,Retail,Small Business,3,12575.94,0.096,34105.95,30648.62,3457.33
01-11-2025,C1243,Tablet,East,Retail,Small Business,4,18877.66,0.077,69696.32,63338.45,6357.87
22-12-2025,C1247,Monitor,West,Retail,Consumer,2,15904.58,0.086,29073.57,26087.83,2985.75
23-07-2025,C1163,Mouse,East,Distributor,Small Business,8,1251.39,0.154,8469.4,7946.33,523.07
09-09-2025,C1210,Monitor,East,Retail,Corporate,3,15270.36,0.096,41413.22,38379.51,3033.71
21-07-2025,C1152,Mouse,North,Distributor,Consumer,3,1212.07,0.098,3279.86,3033.4,246.46
07-10-2025,C1242,Tablet,North,Distributor,Corporate,1,18755.07,0.046,17892.34,14646.93,3245.4
29-12-2025,C1018,Monitor,West,Retail,Small Business,1,14785.18,0.102,13277.09,11730.11,1546.98
29-07-2025,C1062,Printer,South,Distributor,Corporate,1,12541.74,0.113,11124.52,10490.42,634.1
10-05-2025,C1115,Tablet,West,Retail,Consumer,1,18022.37,0.072,16724.76,14666.23,2058.54
03-11-2025,C1237,Printer,West,Distributor,Small Business,1,11634.4,0.125,10180.1,9087.03,1093.07
21-12-2025,C1230,Headphones,North,Retail,Small Business,4,3609.21,0.069,13440.7,12173.99,1266.71
02-10-2025,C1171,Smartphone,North,Online,Small Business,3,28711.94,0.083,78986.55,62693.1,16293.45
01-07-2025,C1174,Tablet,North,Distributor,Small Business,2,17734.17,0.118,31283.08,29176.93,2106.14
28-11-2025,C1003,Headphones,East,Retail,Consumer,2,3535.3,0.063,6625.16,6092.84,532.32
20-02-2025,C1133,Keyboard,South,Distributor,Small Business,4,2045.84,0.028,7954.22,7236.34,717.88
13-10-2025,C1119,Monitor,West,Retail,Corporate,1,15940.68,0.087,14553.84,13120.1,1433.74
14-12-2025,C1027,Tablet,East,Online,Corporate,2,17458.25,0.035,33694.42,30212.76,3481.66
01-06-2025,C1037,Headphones,North,Online,Small Business,5,3390.77,0.057,15987.49,13697.05,2290.44
28-06-2025,C1134,Keyboard,East,Retail,Consumer,4,2298.16,0.107,8209.02,7172.06,1036.96
05-09-2025,C1185,Mouse,West,Online,Corporate,5,1254.94,0.09,5709.98,5223.25,486.74
23-12-2025,C1012,Printer,East,Online,Corporate,4,12161.5,0.037,46846.11,44471.78,2374.33
30-12-2025,C1028,Smartphone,North,Retail,Small Business,2,27492.52,0.117,48551.79,36784.39,11767.41
13-12-2025,C1142,Tablet,South,Distributor,Consumer,5,17448.58,0.121,76686.51,64552.96,12133.55
23-03-2025,C1205,Mouse,West,Retail,Consumer,4,1213.62,0.033,4694.28,4434.67,259.61
27-07-2025,C1111,Tablet,South,Distributor,Small Business,1,18899.73,0.042,18105.94,15218.33,2887.6
22-07-2025,C1110,Laptop,South,Retail,Small Business,2,64517.39,0.078,118970.08,100891.7,18078.38
19-07-2025,C1193,Laptop,South,Online,Corporate,1,69969.69,0.032,67730.66,59061.91,8668.75
27-12-2025,C1094,Smartphone,North,Distributor,Consumer,3,28206.88,0.089,77089.39,58322.14,18767.25
16-06-2025,C1172,Monitor,West,Online,Corporate,2,14521.31,0.089,26457.83,22867.25,3590.58
08-09-2025,C1151,Mouse,West,Distributor,Corporate,4,1228.96,0.069,4576.63,4176.39,400.24
28-02-2025,C1045,Mouse,East,Retail,Small Business,5,1165.81,0.04,5595.9,4982.21,613.69
11-12-2025,C1081,Keyboard,North,Distributor,Consumer,3,2258.56,0.145,5793.2,4932.73,860.47
02-03-2025,C1096,Monitor,East,Online,Consumer,1,15387.89,0.09,14002.98,12398.13,1604.86
22-12-2025,C1036,Tablet,West,Retail,Small Business,2,17065.79,0.041,32732.19,28769.84,3962.35
22-10-2025,C1163,Headphones,West,Online,Corporate,1,3518.8,0.133,3050.8,2709.14,341.66
03-10-2025,C1036,Tablet,South,Retail,Corporate,1,16450.28,0.105,14723,12339.18,2383.82
06-04-2025,C1222,Mouse,West,Distributor,Consumer,3,1186.17,0.052,3373.48,2983.97,389.51
03-07-2025,C1209,Laptop,West,Online,Consumer,5,69358.62,0,346793.11,299503.59,47289.52
16-07-2025,C1107,Printer,West,Distributor,Corporate,2,12663.31,0.039,24338.89,21581.26,2757.63
30-12-2025,C1145,Printer,West,Online,Consumer,6,13543.02,0.112,72157.23,68936.78,3220.45
16-01-2025,C1058,Monitor,East,Online,Corporate,2,14614.68,0.195,23529.64,21208.03,2321.61
03-10-2025,C1191,Keyboard,South,Retail,Small Business,1,2303.88,0.084,2110.36,1779.12,331.24
11-09-2025,C1211,Smartphone,North,Retail,Small Business,3,27978.2,0.169,69749.64,55865.47,13884.17
07-07-2025,C1109,Laptop,West,Distributor,Consumer,5,63650.19,0.031,308385.18,242359.85,66025.32
22-02-2025,C1068,Monitor,East,Online,Corporate,2,14854.39,0.112,26381.4,23892.56,2488.84
28-06-2025,C1054,Smartphone,West,Online,Consumer,4,28244.19,0.135,97724.89,78616.78,19108.11
29-10-2025,C1036,Mouse,West,Online,Small Business,4,1152.97,0.101,4146.09,3933.95,212.14
16-04-2025,C1137,Monitor,North,Distributor,Corporate,2,15950.09,0.004,31772.57,28847.73,2924.84
24-05-2025,C1075,Tablet,East,Distributor,Corporate,2,18094.37,0.098,32642.24,28135.52,4506.72
21-10-2025,C1236,Keyboard,North,Online,Corporate,4,2101.64,0.026,8187.98,7442.61,745.37
31-01-2025,C1064,Keyboard,South,Distributor,Consumer,3,2222.44,0.125,5833.9,5519.76,314.15
16-03-2025,C1126,Mouse,South,Distributor,Corporate,6,1196.45,0.121,6310.07,5817.2,492.87
14-03-2025,C1020,Keyboard,West,Retail,Corporate,7,2164.41,0.182,12393.43,11001.82,1391.61
21-11-2025,C1072,Smartphone,West,Distributor,Small Business,2,28626.73,0.106,51184.59,40964.98,10219.6
22-12-2025,C1149,Mouse,West,Retail,Corporate,3,1222.69,0.088,3345.27,2962.31,382.96
02-01-2025,C1179,Smartphone,West,Distributor,Small Business,1,27339.3,0.076,25261.51,19170.78,6090.73
03-07-2025,C1212,Smartphone,West,Online,Corporate,1,29712.81,0.023,29029.42,22547.41,6482.01
19-04-2025,C1087,Printer,East,Retail,Corporate,2,12196.32,0.053,23099.84,21527.44,1572.39
08-10-2025,C1196,Tablet,West,Retail,Small Business,5,18792.95,0.1,84568.29,71742.35,12825.93
25-01-2025,C1005,Laptop,North,Distributor,Corporate,4,67867.61,0.141,233193.12,184599.63,48593.48
05-03-2025,C1246,Tablet,West,Retail,Consumer,1,18399.04,0.143,15767.98,14169.25,1598.72
08-08-2025,C1041,Monitor,South,Distributor,Corporate,1,14270.2,0.086,13042.97,11546.34,1496.63
21-05-2025,C1096,Smartphone,East,Retail,Consumer,1,27847.84,0.056,26288.36,20316.83,5971.53
07-12-2025,C1079,Tablet,North,Retail,Small Business,3,17476.08,0,52428.23,45075.87,7352.36
25-12-2025,C1181,Monitor,West,Distributor,Consumer,1,16138.37,0.156,13620.79,11932.94,1687.85
18-02-2025,C1034,Laptop,South,Retail,Consumer,1,65455.75,0.126,57208.32,49966.79,7241.54
31-10-2025,C1179,Monitor,West,Online,Consumer,1,14868.81,0.06,13976.68,12331.41,1645.26
25-06-2025,C1123,Smartphone,West,Distributor,Consumer,1,27196.94,0.076,25129.97,20408.42,4721.56
06-02-2025,C1207,Monitor,West,Online,Small Business,4,15061.24,0.044,57594.2,52286.2,5308
22-02-2025,C1036,Smartphone,East,Retail,Corporate,2,26868.13,0.16,45138.46,35789.4,9349.06
15-07-2025,C1145,Tablet,South,Online,Small Business,2,18816.69,0.039,36165.68,32362.71,3802.97
05-01-2025,C1055,Tablet,West,Retail,Small Business,1,18446.94,0.055,17432.36,14538.5,2893.85
18-11-2025,C1114,Tablet,West,Distributor,Small Business,3,17055.23,0.04,49119.06,41625.07,7493.99
22-04-2025,C1151,Smartphone,North,Online,Consumer,2,28361.73,0.064,53093.16,41493.64,11599.52
16-07-2025,C1064,Mouse,West,Retail,Consumer,7,1220.37,0.044,8166.72,7252.15,914.57
22-05-2025,C1154,Smartphone,South,Distributor,Small Business,3,26918.46,0,80755.37,59700.09,21055.28
08-11-2025,C1053,Keyboard,North,Distributor,Corporate,6,2097.15,0.142,10796.13,10364.29,431.85
23-09-2025,C1014,Monitor,West,Retail,Small Business,3,16541.94,0.057,46797.16,42770.51,4026.65
03-05-2025,C1128,Printer,West,Online,Consumer,3,12187.95,0.134,31664.3,30397.72,1266.57
23-11-2025,C1034,Smartphone,North,Retail,Corporate,5,27554.08,0.1,123993.36,98611.68,25381.68
18-07-2025,C1045,Headphones,East,Distributor,Small Business,3,3468.1,0.08,9571.94,8281.18,1290.76
30-08-2025,C1004,Smartphone,North,Distributor,Consumer,1,28717.41,0.039,27597.43,21441.08,6156.35
15-05-2025,C1130,Monitor,North,Online,Corporate,2,16272.34,0.118,28704.41,24844.08,3860.33
27-05-2025,C1022,Headphones,West,Distributor,Corporate,2,3532.07,0,7064.14,6097.36,966.78
24-11-2025,C1021,Tablet,East,Online,Corporate,6,17431.19,0.054,98939.44,86644.61,12294.83
19-09-2025,C1101,Monitor,South,Distributor,Corporate,3,14564.94,0.046,41684.86,36474.24,5210.62
28-10-2025,C1187,Smartphone,East,Distributor,Corporate,1,28105.42,0.013,27740.05,22135.87,5604.18
03-05-2025,C1030,Laptop,South,Online,Corporate,1,68475.99,0.01,67791.23,54940.45,12850.79
21-08-2025,C1169,Laptop,East,Distributor,Small Business,2,61153.45,0.184,99802.42,80692.17,19110.25
31-03-2025,C1180,Smartphone,North,Distributor,Consumer,5,28376.48,0.132,123153.93,96760.43,26393.5
06-01-2025,C1133,Tablet,West,Retail,Small Business,1,18000.49,0.172,14904.41,12526.36,2378.05
13-05-2025,C1200,Tablet,East,Online,Small Business,3,18024.5,0.044,51694.27,44313.13,7381.13
18-05-2025,C1070,Smartphone,North,Retail,Corporate,6,27079.95,0.097,146719.19,112492.92,34226.27
26-09-2025,C1161,Smartphone,East,Distributor,Small Business,2,30125.5,0.153,51032.6,41014.76,10017.84
09-02-2025,C1015,Printer,West,Distributor,Corporate,2,12180.86,0.043,23314.17,21618.41,1695.76
13-09-2025,C1198,Tablet,East,Online,Corporate,4,17910.91,0.083,65697.23,55747.7,9949.53
22-02-2025,C1001,Smartphone,South,Distributor,Small Business,1,27960.79,0.035,26982.16,21593.15,5389.01
23-01-2025,C1094,Laptop,South,Online,Corporate,6,65861.86,0.03,383316.03,320626.94,62689.09
16-07-2025,C1206,Tablet,South,Online,Small Business,3,18020.95,0.033,52278.79,43666.04,8612.75
02-12-2025,C1107,Headphones,South,Retail,Consumer,3,3668.43,0.052,10433.01,9083.12,1349.88
13-06-2025,C1031,Keyboard,North,Distributor,Corporate,8,2206.41,0.077,16292.15,14633.12,1659.03
15-09-2025,C1012,Laptop,South,Online,Small Business,3,65464.61,0.073,182057.07,147333.26,34723.81
25-07-2025,C1084,Smartphone,West,Retail,Corporate,2,30570.14,0.041,58633.53,45178.88,13454.65
14-02-2025,C1075,Printer,North,Retail,Consumer,1,12736.53,0.097,11501.08,10426.5,1074.58
16-10-2025,C1152,Keyboard,South,Retail,Corporate,6,2327.83,0.128,12179.21,11240.29,938.92
10-09-2025,C1239,Monitor,South,Online,Consumer,4,15014.34,0.042,57534.94,51010.72,6524.22
29-07-2025,C1163,Laptop,South,Distributor,Corporate,3,67450.62,0,202351.85,169898.53,32453.33
22-12-2025,C1097,Laptop,East,Online,Small Business,1,65558.55,0.127,57232.61,48879.2,8353.41
07-06-2025,C1108,Smartphone,South,Distributor,Consumer,3,27457.03,0.103,73886.88,59470.45,14416.43
09-09-2025,C1024,Laptop,South,Distributor,Corporate,3,67331.13,0.162,169270.46,149263.75,20006.71
23-01-2025,C1118,Monitor,West,Distributor,Corporate,4,14191.17,0.063,53188.51,47756.21,5432.3
13-02-2025,C1020,Smartphone,South,Distributor,Corporate,1,28360.28,0.103,25439.17,19735.67,5703.5
31-10-2025,C1061,Laptop,West,Distributor,Consumer,1,65464.04,0,65464.04,52651.32,12812.72
30-05-2025,C1213,Keyboard,East,Retail,Small Business,2,2190.63,0.014,4319.92,3936.94,382.98
17-06-2025,C1020,Mouse,West,Retail,Consumer,7,1272.2,0.07,8282.04,7621.58,660.46
14-04-2025,C1043,Tablet,North,Online,Consumer,6,17297.74,0.093,94134.28,77887.86,16246.42
19-08-2025,C1138,Printer,East,Retail,Consumer,1,12241.43,0.016,12045.57,11360.59,684.97
03-07-2025,C1068,Monitor,West,Retail,Corporate,1,14361.73,0.126,12552.15,11293.75,1258.4
03-03-2025,C1212,Smartphone,South,Distributor,Corporate,1,26515.11,0.091,24102.24,19196.83,4905.4
27-12-2025,C1024,Laptop,South,Retail,Consumer,4,64609.17,0.005,257144.48,218101.57,39042.91
31-12-2025,C1013,Monitor,East,Retail,Small Business,2,15173.18,0.063,28434.54,25655.93,2778.61
13-12-2025,C1244,Keyboard,East,Online,Consumer,4,2251.58,0.094,8159.74,7427.89,731.84
27-07-2025,C1027,Printer,South,Online,Corporate,2,12534.32,0.151,21283.27,20133.57,1149.71
13-03-2025,C1034,Smartphone,North,Online,Consumer,2,26636.64,0.04,51142.36,39687.15,11455.2
12-04-2025,C1241,Headphones,East,Distributor,Small Business,2,3502.28,0.145,5988.91,5211.79,777.12
27-11-2025,C1017,Smartphone,East,Online,Consumer,2,26583.76,0.139,45777.24,37758.33,8018.91
12-04-2025,C1032,Printer,South,Online,Corporate,1,12706.05,0.074,11765.81,10778.27,987.53
22-01-2025,C1111,Printer,North,Online,Small Business,2,12477.55,0.074,23108.43,21385.41,1723.02
22-07-2025,C1110,Printer,North,Retail,Small Business,3,12740.45,0.133,33137.92,30986.05,2151.87
30-03-2025,C1072,Mouse,South,Online,Corporate,4,1178.73,0.056,4450.89,3963.32,487.57
17-08-2025,C1158,Tablet,North,Distributor,Small Business,1,17262.01,0.045,16485.22,13689.6,2795.61
06-05-2025,C1123,Keyboard,West,Retail,Small Business,6,2314.05,0.155,11732.25,10883.76,848.49
01-02-2025,C1108,Smartphone,East,Retail,Consumer,1,29284.71,0.03,28406.17,22055.39,6350.77
13-04-2025,C1092,Monitor,North,Retail,Small Business,2,14728.83,0.054,27866.95,25072.82,2794.12
03-09-2025,C1083,Printer,East,Distributor,Small Business,1,12392.2,0.08,11400.82,10708.75,692.07
18-07-2025,C1153,Keyboard,South,Online,Corporate,7,2077.66,0.047,13860.07,12419.4,1440.67
23-04-2025,C1136,Laptop,East,Online,Corporate,2,63302.7,0.14,108880.64,90421.98,18458.66
03-07-2025,C1169,Monitor,South,Online,Consumer,3,14855.8,0.074,41269.42,38039.95,3229.47
04-05-2025,C1217,Keyboard,North,Online,Small Business,7,2177.74,0.111,13552.08,11684.15,1867.93
18-07-2025,C1152,Mouse,South,Online,Consumer,11,1194.03,0.098,11847.14,11067.9,779.24
12-06-2025,C1091,Mouse,North,Distributor,Small Business,7,1155.33,0.051,7674.84,7083.21,591.63
18-10-2025,C1080,Tablet,South,Retail,Small Business,4,18683.71,0.155,63150.93,54403.61,8747.33
31-03-2025,C1060,Printer,North,Online,Consumer,3,12331.81,0.068,34479.73,31238.37,3241.36
05-11-2025,C1001,Monitor,North,Distributor,Corporate,2,15911.23,0.101,28608.39,24704.5,3903.9
19-06-2025,C1046,Monitor,South,Retail,Small Business,5,14670.24,0.125,64182.29,59120.86,5061.43
15-06-2025,C1181,Laptop,North,Online,Small Business,4,66397.84,0.148,226283.83,187656.13,38627.7
14-03-2025,C1181,Smartphone,East,Online,Corporate,1,27065.6,0.103,24277.85,17611.09,6666.76
06-12-2025,C1083,Headphones,North,Retail,Corporate,1,3486.99,0.106,3117.37,2793.12,324.24
11-03-2025,C1167,Tablet,West,Distributor,Corporate,7,18261.44,0.053,121055.11,103165.86,17889.25
12-06-2025,C1151,Tablet,East,Online,Small Business,2,19049.78,0,38099.56,34190.73,3908.82
31-03-2025,C1076,Headphones,East,Distributor,Small Business,5,3711.13,0.13,16143.4,14468.27,1675.13
07-03-2025,C1101,Tablet,North,Distributor,Small Business,3,17624.23,0.193,42668.25,36154.01,6514.24
18-10-2025,C1236,Laptop,South,Distributor,Corporate,1,70024.39,0.046,66803.27,55374.03,11429.24
10-11-2025,C1085,Monitor,North,Retail,Consumer,4,13753.31,0.003,54848.21,48705.62,6142.59
09-02-2025,C1163,Monitor,East,Retail,Consumer,1,15216.39,0.154,12873.06,11606.19,1266.87
15-02-2025,C1054,Mouse,West,Online,Corporate,6,1165.68,0.079,6441.53,6024.43,417.11
08-05-2025,C1185,Smartphone,East,Retail,Consumer,2,28222.52,0.036,54413.02,42549.71,11863.31
01-01-2025,C1108,Laptop,West,Retail,Small Business,3,70641.84,0.054,200481.53,175540.04,24941.49
27-03-2025,C1140,Headphones,West,Retail,Corporate,2,3385.75,0.068,6311.05,5582.53,728.52
12-07-2025,C1195,Smartphone,West,Distributor,Small Business,6,26710.71,0.065,149847.07,127516.41,22330.67
18-12-2025,C1205,Monitor,South,Retail,Consumer,2,14981.76,0.119,26397.86,22618.43,3779.43
18-01-2025,C1244,Keyboard,North,Retail,Corporate,5,2320.56,0.179,9525.91,8962.19,563.73
23-02-2025,C1042,Smartphone,East,Online,Corporate,1,28218.22,0.101,25368.18,20433.88,4934.3
08-02-2025,C1229,Smartphone,East,Distributor,Small Business,6,27556.32,0.089,150622.83,120375.92,30246.9
05-09-2025,C1156,Laptop,West,Distributor,Consumer,4,63167.71,0.106,225887.72,198428.72,27459
11-08-2025,C1053,Tablet,North,Online,Corporate,1,17738.56,0.073,16443.64,14966.78,1476.86
08-04-2025,C1077,Headphones,East,Distributor,Corporate,2,3449.37,0.067,6436.53,5794.06,642.46
02-05-2025,C1141,Smartphone,North,Retail,Small Business,1,27934.18,0.146,23855.79,18908.71,4947.08
09-09-2025,C1110,Tablet,North,Retail,Consumer,2,18057.46,0.119,31817.24,26456.39,5360.85
14-02-2025,C1007,Keyboard,West,Online,Consumer,7,2308.66,0.063,15142.49,14018.9,1123.59
16-04-2025,C1217,Tablet,East,Online,Corporate,5,17439.24,0.012,86149.83,71178.99,14970.84
01-03-2025,C1230,Keyboard,West,Retail,Corporate,7,2300.85,0.12,14173.24,13031.36,1141.88
05-12-2025,C1100,Keyboard,North,Distributor,Small Business,5,2033.68,0.069,9466.78,8627.73,839.04
05-04-2025,C1115,Mouse,West,Retail,Consumer,4,1280.85,0.033,4954.32,4434.12,520.21
23-01-2025,C1058,Keyboard,West,Retail,Corporate,4,2311.93,0.128,8064,7279.94,784.06
18-05-2025,C1025,Laptop,South,Distributor,Small Business,5,65991.4,0.063,309169.73,257293.73,51876
13-02-2025,C1142,Mouse,West,Distributor,Consumer,5,1254.13,0.077,5787.83,5312.34,475.49
01-02-2025,C1222,Headphones,West,Distributor,Small Business,2,3531.23,0.046,6737.59,5783.8,953.79
01-09-2025,C1102,Monitor,West,Retail,Consumer,1,15287.9,0.081,14049.58,12457.99,1591.59
18-01-2025,C1243,Tablet,North,Retail,Consumer,2,17717.08,0,35434.16,31112.13,4322.04
27-03-2025,C1109,Monitor,South,Online,Consumer,3,14895.11,0.101,40172.11,36686.36,3485.75
10-02-2025,C1214,Headphones,South,Distributor,Consumer,4,3538.97,0.077,13065.87,11794.96,1270.91
01-11-2025,C1023,Keyboard,East,Distributor,Consumer,2,2102.5,0.076,3885.42,3624.01,261.41
18-07-2025,C1118,Headphones,East,Retail,Small Business,1,3555.41,0.167,2961.66,2616.36,345.3
07-01-2025,C1038,Headphones,North,Retail,Consumer,3,3280.81,0.129,8572.75,8229.84,342.91
18-10-2025,C1202,Smartphone,North,Distributor,Consumer,2,26155.51,0.106,46766.06,35770.66,10995.39
27-05-2025,C1168,Mouse,West,Retail,Corporate,3,1207.17,0.044,3462.16,3202.95,259.21
06-09-2025,C1104,Printer,North,Online,Corporate,2,12371.83,0.027,24075.58,22714.14,1361.45
15-03-2025,C1177,Headphones,North,Retail,Corporate,5,3578.17,0.082,16423.79,13854.84,2568.95
02-05-2025,C1006,Laptop,West,Retail,Corporate,4,61942.35,0.058,233398.77,198012.01,35386.75
22-06-2025,C1220,Keyboard,East,Retail,Corporate,9,2146.32,0.138,16651.16,15151.02,1500.14
23-12-2025,C1250,Smartphone,South,Online,Corporate,3,28398.08,0.029,82723.62,61698.92,21024.7
15-08-2025,C1155,Mouse,East,Distributor,Corporate,5,1228.39,0,6141.94,5639.55,502.39
27-11-2025,C1234,Smartphone,South,Retail,Consumer,2,28261.91,0.101,50814.91,38320.23,12494.68
28-07-2025,C1203,Printer,East,Online,Small Business,2,12048.9,0,24097.81,22640.49,1457.32
23-03-2025,C1104,Smartphone,East,Distributor,Small Business,3,25885.96,0.105,69503.81,55249.31,14254.51
11-03-2025,C1215,Laptop,South,Online,Consumer,3,61825.2,0.009,183806.32,154843.64,28962.68
30-01-2025,C1236,Monitor,North,Retail,Consumer,1,14207.44,0,14207.44,13256.85,950.59
04-07-2025,C1130,Monitor,East,Retail,Corporate,4,15121.94,0.045,57765.82,51494.81,6271.01
23-07-2025,C1126,Smartphone,North,Online,Corporate,3,26337.86,0.088,72060.38,56582.65,15477.73
01-11-2025,C1142,Printer,South,Retail,Small Business,2,11939.91,0.055,22566.43,20527.31,2039.12
29-06-2025,C1213,Mouse,South,Retail,Small Business,3,1279.19,0.178,3154.48,2958.78,195.7
19-12-2025,C1013,Smartphone,East,Online,Corporate,1,27924.7,0.093,25327.71,20475.66,4852.04
25-03-2025,C1174,Monitor,South,Distributor,Consumer,5,14762.16,0.04,70858.38,62654.69,8203.69
16-04-2025,C1222,Keyboard,West,Distributor,Consumer,2,2105.25,0.135,3642.09,3347.31,294.78
16-12-2025,C1045,Laptop,West,Online,Small Business,3,66771.54,0.127,174874.67,151938.51,22936.16
04-11-2025,C1207,Laptop,South,Retail,Small Business,3,66308.46,0.005,197930.74,176472.09,21458.65
06-06-2025,C1118,Keyboard,West,Retail,Corporate,5,2195.83,0.066,10254.53,9634.69,619.84
10-05-2025,C1134,Monitor,West,Retail,Small Business,1,15028.5,0,15028.5,13318.66,1709.84
16-11-2025,C1170,Headphones,North,Online,Small Business,3,3531.78,0.005,10542.38,9468.13,1074.25
11-07-2025,C1124,Keyboard,East,Distributor,Consumer,7,2202.85,0.056,14556.44,13345.53,1210.92
02-02-2025,C1221,Mouse,East,Distributor,Corporate,4,1175.98,0.09,4280.57,3891.2,389.37
22-05-2025,C1133,Keyboard,East,Online,Consumer,4,2131.67,0.093,7733.69,6929.94,803.75
04-05-2025,C1175,Laptop,West,Distributor,Corporate,1,63420.57,0.088,57839.56,49169.93,8669.63
13-03-2025,C1233,Laptop,West,Retail,Corporate,3,67131.81,0.103,180651.69,150282.6,30369.09
03-08-2025,C1150,Headphones,West,Distributor,Consumer,2,3544.92,0.056,6692.81,5984.14,708.68
29-12-2025,C1057,Monitor,East,Distributor,Small Business,1,15565.67,0.129,13557.7,11765.61,1792.09
18-12-2025,C1217,Printer,East,Distributor,Corporate,2,12229.25,0.128,21327.8,19873.06,1454.74
29-03-2025,C1033,Tablet,East,Online,Corporate,4,16201.4,0.032,62731.81,53634.97,9096.83
13-05-2025,C1057,Tablet,East,Distributor,Consumer,2,17950.94,0.107,32060.38,27387.5,4672.88
01-07-2025,C1096,Monitor,East,Retail,Corporate,3,15552.36,0.035,45024.08,40478.26,4545.82
14-05-2025,C1014,Keyboard,West,Online,Corporate,5,2129.37,0.063,9976.08,8997.73,978.35
21-11-2025,C1031,Smartphone,West,Online,Small Business,3,26231.88,0.094,71298.26,55991.42,15306.84
15-12-2025,C1223,Headphones,East,Retail,Consumer,2,3567.3,0.133,6185.71,5273.82,911.88
19-03-2025,C1146,Tablet,South,Retail,Corporate,1,18213.54,0.132,15809.35,13095.02,2714.33
23-08-2025,C1200,Tablet,East,Distributor,Consumer,2,18537.89,0.093,33627.74,27744.07,5883.67
11-02-2025,C1081,Printer,East,Distributor,Consumer,3,12328.52,0.041,35469.14,32646.61,2822.53
21-11-2025,C1054,Laptop,North,Retail,Corporate,4,65840.28,0.044,251773.24,203408.75,48364.49
28-03-2025,C1158,Tablet,West,Online,Consumer,4,18323.93,0.109,65306.48,54696.43,10610.05
11-08-2025,C1099,Headphones,West,Retail,Corporate,2,3332.77,0.018,6545.55,5778.77,766.78
03-01-2025,C1244,Laptop,South,Distributor,Corporate,2,64969.52,0.119,114476.29,97478.94,16997.35
08-01-2025,C1002,Mouse,South,Online,Small Business,6,1241.12,0.063,6977.59,6126.78,850.81
17-11-2025,C1080,Monitor,South,Distributor,Corporate,3,14188.49,0.037,40990.56,37694.5,3296.06
08-03-2025,C1079,Smartphone,West,Distributor,Small Business,3,28773.33,0.099,77774.31,60147.51,17626.8
27-03-2025,C1117,Smartphone,North,Retail,Corporate,2,28425.94,0.087,51905.77,41690.61,10215.16
24-09-2025,C1088,Mouse,West,Distributor,Consumer,2,1191.46,0.053,2256.63,2127.59,129.03
08-09-2025,C1005,Mouse,South,Online,Corporate,4,1139.46,0.141,3915.19,3408.88,506.31
27-04-2025,C1006,Monitor,South,Online,Small Business,3,15583.57,0.099,42122.39,37184.1,4938.29
29-10-2025,C1167,Tablet,North,Retail,Small Business,3,18863.91,0.129,49291.4,43734.9,5556.5
20-01-2025,C1013,Headphones,East,Distributor,Small Business,2,3469.36,0.116,6133.83,5341.61,792.22
01-11-2025,C1013,Laptop,North,Distributor,Consumer,3,66519.22,0.097,180200.56,151821.11,28379.44
20-12-2025,C1032,Smartphone,West,Retail,Corporate,4,29623.84,0.077,109371.2,89208.96,20162.25
08-10-2025,C1053,Keyboard,West,Distributor,Consumer,5,2238.22,0.069,10418.91,9555.79,863.12
22-12-2025,C1026,Laptop,East,Retail,Small Business,5,63682.83,0.042,305040.77,262711.25,42329.52
06-12-2025,C1131,Keyboard,South,Retail,Consumer,4,2360.21,0.027,9185.93,8397.41,788.52
13-11-2025,C1128,Smartphone,East,Online,Consumer,1,28812.59,0.117,25441.52,19757.46,5684.06
12-04-2025,C1092,Monitor,East,Distributor,Consumer,5,14172.72,0.141,60871.82,53866.98,7004.84
27-12-2025,C1141,Headphones,East,Online,Consumer,5,3629.71,0.053,17186.66,15197.88,1988.78
12-09-2025,C1001,Monitor,West,Retail,Consumer,3,14598.12,0.047,41736.02,37641.43,4094.59
07-01-2025,C1127,Smartphone,North,Distributor,Small Business,2,29614.98,0.132,51411.6,40759.6,10652
18-03-2025,C1026,Smartphone,North,Distributor,Small Business,1,27653.19,0.083,25357.98,19052.7,6305.28
12-05-2025,C1119,Monitor,West,Retail,Corporate,1,15992.85,0,15992.85,14308.27,1684.58
26-01-2025,C1093,Smartphone,South,Online,Corporate,2,29412.9,0.096,53178.53,42366.25,10812.27
13-12-2025,C1025,Mouse,West,Distributor,Consumer,8,1129.69,0.047,8612.79,7640.66,972.13
24-01-2025,C1044,Laptop,South,Distributor,Small Business,6,69202.38,0.109,369955.92,323644.24,46311.68
18-06-2025,C1225,Mouse,West,Distributor,Corporate,7,1184.87,0.078,7647.12,7215.26,431.87
17-02-2025,C1103,Mouse,East,Online,Consumer,4,1144.4,0.065,4280.04,3916.49,363.55
24-07-2025,C1218,Printer,East,Retail,Small Business,2,12826.15,0.098,23138.38,22212.84,925.54
02-09-2025,C1179,Headphones,South,Online,Consumer,2,3602.42,0.023,7039.14,6100.95,938.19
31-01-2025,C1124,Tablet,North,Retail,Small Business,3,17154.67,0.113,45648.57,40157.81,5490.76
19-10-2025,C1200,Printer,South,Distributor,Corporate,4,12024.97,0.044,45983.48,44144.14,1839.34
03-07-2025,C1029,Laptop,South,Retail,Corporate,1,61694.33,0.058,58116.06,50629.68,7486.38
30-07-2025,C1168,Printer,North,Online,Corporate,1,12763.45,0.123,11193.54,10463.41,730.13
10-06-2025,C1133,Laptop,South,Distributor,Corporate,2,61110.36,0.071,113543.05,92652.72,20890.33
25-09-2025,C1064,Smartphone,West,Distributor,Small Business,5,29743.06,0.076,137412.96,105498.52,31914.43
04-09-2025,C1229,Mouse,West,Online,Small Business,5,1206.07,0.105,5397.15,5124.27,272.88
10-11-2025,C1130,Laptop,North,Distributor,Consumer,2,65290.68,0.113,115825.66,94377.19,21448.47
29-08-2025,C1083,Printer,South,Online,Corporate,1,11483.5,0.103,10300.7,9035.68,1265.02
04-05-2025,C1058,Mouse,East,Online,Small Business,5,1153.83,0.098,5203.77,4769.94,433.83
09-10-2025,C1118,Headphones,West,Online,Consumer,3,3527.07,0.075,9787.62,8870.3,917.32
16-08-2025,C1081,Printer,North,Retail,Corporate,4,12357.45,0.152,41916.48,38837.04,3079.44
02-03-2025,C1106,Printer,North,Online,Corporate,1,13051.97,0.031,12647.36,11843.07,804.28
19-01-2025,C1164,Laptop,North,Distributor,Small Business,2,64037.41,0.106,114498.9,95057.62,19441.27
05-06-2025,C1212,Monitor,West,Retail,Corporate,1,15710.55,0.05,14925.02,13354.16,1570.87
28-01-2025,C1197,Monitor,West,Retail,Small Business,2,15230.52,0.11,27110.33,24531.07,2579.26
14-11-2025,C1030,Printer,East,Distributor,Corporate,1,13014.71,0.091,11830.37,10766.61,1063.76
19-02-2025,C1213,Monitor,North,Retail,Corporate,1,15011.63,0.109,13375.36,12546.19,829.17
21-11-2025,C1012,Keyboard,East,Distributor,Consumer,8,2067.53,0.115,14638.14,13021.12,1617.02
26-03-2025,C1185,Printer,South,Distributor,Small Business,3,12239.7,0.04,35250.34,33840.33,1410.01
29-07-2025,C1049,Smartphone,East,Distributor,Consumer,1,28544.53,0.063,26746.22,22165.51,4580.71
03-03-2025,C1184,Headphones,South,Retail,Consumer,4,3386.46,0.041,12990.47,11047.57,1942.91
23-06-2025,C1215,Smartphone,West,Online,Small Business,2,29598.58,0.068,55171.76,43612.49,11559.26
11-12-2025,C1151,Smartphone,West,Retail,Small Business,2,28464.6,0.064,53285.74,42017.9,11267.83
16-09-2025,C1189,Tablet,West,Online,Small Business,3,17979.26,0.119,47519.19,42444.74,5074.45
25-01-2025,C1178,Headphones,West,Distributor,Consumer,1,3533.77,0.077,3261.67,2896,365.67
24-10-2025,C1169,Tablet,South,Online,Corporate,4,17727.59,0.116,62684.75,53681.15,9003.6
04-11-2025,C1235,Mouse,West,Retail,Small Business,1,1271.51,0.082,1167.25,1097.52,69.73
21-12-2025,C1249,Monitor,East,Retail,Corporate,2,14516.17,0.059,27319.44,23989.41,3330.03
31-05-2025,C1155,Printer,South,Online,Corporate,1,12059.05,0.071,11202.86,10366.32,836.53
25-12-2025,C1240,Keyboard,East,Distributor,Small Business,6,1969.02,0.107,10549.99,8822.69,1727.3
11-10-2025,C1183,Monitor,South,Online,Small Business,4,15249.33,0.05,57947.46,51393.63,6553.82
29-05-2025,C1250,Mouse,South,Distributor,Small Business,4,1209.16,0.092,4391.68,4044.34,347.35
02-04-2025,C1123,Mouse,North,Retail,Small Business,2,1207.24,0.056,2279.28,2094.39,184.88
26-10-2025,C1134,Headphones,East,Retail,Consumer,2,3414.88,0.137,5894.08,5395.22,498.86
24-02-2025,C1172,Laptop,West,Online,Consumer,2,66596.05,0.106,119073.74,102238.38,16835.36
29-01-2025,C1175,Monitor,East,Online,Corporate,2,14488.57,0.061,27209.53,23621.03,3588.51
09-05-2025,C1053,Tablet,North,Distributor,Corporate,2,17695.65,0.089,32241.47,27123.47,5118
05-10-2025,C1158,Laptop,East,Retail,Consumer,1,62366.12,0.072,57875.76,51056.87,6818.89
12-12-2025,C1201,Monitor,West,Online,Small Business,1,14994.09,0.032,14514.28,13385.25,1129.03
23-12-2025,C1107,Keyboard,North,Retail,Corporate,5,2256.72,0.03,10945.08,9596.58,1348.5
17-12-2025,C1065,Mouse,North,Online,Small Business,3,1263.61,0.057,3574.76,3214.86,359.9
14-04-2025,C1182,Printer,South,Distributor,Small Business,2,12710.48,0.087,23209.34,21003.49,2205.85
28-11-2025,C1076,Mouse,South,Distributor,Consumer,9,1242.34,0.109,9962.34,9184.03,778.31
18-08-2025,C1189,Tablet,North,Online,Consumer,1,17963.24,0.041,17226.74,14921.33,2305.42
21-09-2025,C1072,Smartphone,West,Online,Corporate,4,29377.59,0.08,108109.53,81669.5,26440.03
12-10-2025,C1217,Keyboard,South,Online,Small Business,5,2134.9,0.017,10493.03,9793.83,699.2
11-05-2025,C1240,Laptop,East,Retail,Small Business,3,67520.88,0.116,179065.37,148951.7,30113.67
21-03-2025,C1014,Laptop,South,Retail,Small Business,4,66359.9,0.017,260927.14,220013.94,40913.2
17-11-2025,C1092,Keyboard,West,Distributor,Small Business,5,2139.39,0.127,9338.44,8574.31,764.13
07-02-2025,C1018,Mouse,South,Online,Small Business,7,1298.07,0,9086.46,8293.61,792.85
16-09-2025,C1104,Tablet,West,Distributor,Small Business,1,18202.29,0.087,16618.69,13520.17,3098.53
17-02-2025,C1085,Mouse,South,Online,Small Business,3,1167.9,0.124,3069.24,2840.94,228.3
19-06-2025,C1136,Mouse,East,Online,Small Business,4,1349.42,0.112,4793.14,4312.86,480.28
01-09-2025,C1115,Laptop,North,Distributor,Corporate,1,60331.33,0.042,57797.41,49026.79,8770.63
04-05-2025,C1098,Monitor,North,Distributor,Corporate,4,14804,0.072,54952.46,48279.69,6672.76
28-02-2025,C1073,Headphones,East,Distributor,Small Business,1,3422.24,0.093,3103.97,2760.84,343.13
13-01-2025,C1076,Mouse,West,Retail,Consumer,7,1189.9,0.008,8262.7,7932.19,330.51
30-11-2025,C1243,Monitor,East,Distributor,Consumer,2,15772.85,0.005,31387.96,27610.02,3777.94
19-02-2025,C1054,Tablet,North,Distributor,Consumer,4,18649.08,0.09,67882.64,59175.41,8707.23
10-12-2025,C1138,Monitor,West,Online,Consumer,2,15974.33,0.081,29360.82,25556.27,3804.55
26-12-2025,C1040,Headphones,North,Distributor,Small Business,2,3427.14,0.148,5839.84,5199.61,640.24
13-01-2025,C1019,Printer,East,Online,Consumer,4,12670.83,0,50683.32,47479.27,3204.05
28-01-2025,C1148,Tablet,East,Distributor,Consumer,1,18533.19,0.065,17328.54,14846.46,2482.08
27-04-2025,C1162,Keyboard,West,Retail,Corporate,4,2170.5,0,8681.99,8104.87,577.12
27-07-2025,C1173,Headphones,East,Online,Corporate,5,3469.25,0.027,16877.88,14764.13,2113.75
02-03-2025,C1012,Laptop,North,Distributor,Small Business,6,60492.98,0.01,359328.3,299846.05,59482.25
25-12-2025,C1075,Smartphone,East,Distributor,Consumer,1,30603.63,0.123,26839.39,20946.13,5893.25
18-12-2025,C1098,Keyboard,North,Retail,Corporate,5,2077.51,0.103,9317.62,7988.91,1328.72
22-07-2025,C1057,Laptop,West,Online,Small Business,1,62841.44,0.023,61396.08,51092.11,10303.97
11-03-2025,C1077,Headphones,East,Distributor,Consumer,2,3392.64,0.086,6201.74,5509,692.75
13-12-2025,C1037,Mouse,North,Distributor,Small Business,10,1152.23,0.091,10473.73,9023.35,1450.38
05-03-2025,C1101,Laptop,North,Distributor,Small Business,1,64896.27,0.065,60678.02,53099.7,7578.32
03-10-2025,C1190,Smartphone,East,Online,Small Business,4,26144.5,0.047,99662.85,78547.19,21115.66
26-06-2025,C1037,Monitor,West,Distributor,Small Business,1,15413.5,0.038,14827.79,13301.87,1525.91
24-03-2025,C1050,Tablet,South,Distributor,Corporate,1,17989.73,0.068,16766.42,14356.42,2410
28-02-2025,C1166,Tablet,North,Distributor,Corporate,2,18374.76,0.084,33662.56,28591.21,5071.35
09-10-2025,C1065,Smartphone,East,Distributor,Consumer,3,27374.94,0.06,77197.34,58993.97,18203.37
20-02-2025,C1033,Monitor,West,Retail,Corporate,1,14745.06,0.052,13978.32,11931.18,2047.13
10-12-2025,C1018,Monitor,North,Retail,Small Business,4,14873.17,0.074,55090.22,47451.12,7639.1
10-04-2025,C1158,Mouse,West,Retail,Corporate,6,1205.74,0.095,6547.19,6160.49,386.7
04-12-2025,C1094,Keyboard,South,Distributor,Small Business,4,2201.41,0.076,8136.41,7161.14,975.27
11-06-2025,C1064,Headphones,South,Online,Corporate,1,3392.74,0.124,2972.04,2728.93,243.11
24-04-2025,C1174,Headphones,East,Retail,Consumer,2,3360.14,0.142,5766,5428.75,337.25
19-06-2025,C1199,Printer,West,Retail,Corporate,2,12609.33,0.129,21965.45,20672.96,1292.49
06-06-2025,C1156,Printer,North,Online,Small Business,3,12606.9,0.063,35438.01,33770.63,1667.38
11-02-2025,C1068,Keyboard,South,Distributor,Consumer,2,2179.93,0.158,3671.01,3171.86,499.15
17-11-2025,C1162,Smartphone,North,Online,Small Business,3,27609.38,0.054,78355.43,60600.28,17755.15
16-01-2025,C1067,Headphones,South,Online,Small Business,3,3514.74,0.073,9774.48,8360.07,1414.42
06-10-2025,C1058,Printer,South,Retail,Corporate,1,12530.58,0.113,11114.62,10125.42,989.21
29-10-2025,C1131,Keyboard,South,Retail,Small Business,3,2125.7,0.062,5981.72,5287.48,694.23
16-02-2025,C1170,Headphones,East,Distributor,Consumer,3,3143.46,0.062,8845.69,7580.59,1265.1
03-05-2025,C1046,Tablet,South,Retail,Consumer,3,17470.75,0.088,47799.97,39115.89,8684.07
17-10-2025,C1057,Tablet,West,Retail,Consumer,2,18865.86,0.017,37090.27,31730.81,5359.46
07-09-2025,C1060,Monitor,North,Retail,Corporate,1,15450.52,0.118,13627.36,11769.12,1858.24
22-01-2025,C1235,Monitor,East,Retail,Corporate,3,15254.33,0.117,40408.73,36535.33,3873.4
21-08-2025,C1027,Laptop,North,Distributor,Corporate,2,62879.69,0.056,118716.86,100911.93,17804.94
27-12-2025,C1146,Keyboard,East,Distributor,Small Business,7,2240.7,0.05,14900.63,13545.71,1354.92
31-03-2025,C1168,Headphones,West,Retail,Small Business,2,3312.98,0.041,6354.29,5540.29,814.01
09-02-2025,C1104,Keyboard,West,Online,Small Business,7,2088.88,0.014,14417.42,13255.33,1162.09
30-06-2025,C1002,Mouse,West,Retail,Small Business,9,1275.54,0.084,10515.55,9554.24,961.3
14-09-2025,C1020,Tablet,West,Online,Consumer,2,18404.82,0.171,30515.19,25659.86,4855.33
21-09-2025,C1041,Keyboard,South,Online,Consumer,5,2285.7,0.036,11017.07,10121.06,896
05-07-2025,C1185,Smartphone,South,Retail,Corporate,1,29381.77,0.068,27383.81,21910.54,5473.27
28-02-2025,C1152,Printer,West,Retail,Consumer,1,11744.98,0.088,10711.42,10020.68,690.74
24-03-2025,C1033,Headphones,North,Online,Consumer,2,3513.04,0.109,6260.24,5544.2,716.04
21-10-2025,C1011,Tablet,South,Distributor,Small Business,4,18342.42,0.037,70655.02,63848.99,6806.03
21-10-2025,C1237,Tablet,North,Online,Corporate,1,18859.18,0.092,17124.14,15057.14,2066.99
03-04-2025,C1170,Headphones,North,Distributor,Small Business,1,3451.39,0.058,3251.21,2830.93,420.28
26-05-2025,C1121,Smartphone,South,Retail,Small Business,2,26651.59,0.069,49625.26,37467.42,12157.83
04-09-2025,C1037,Tablet,South,Retail,Small Business,2,17802.14,0.04,34180.11,31275.87,2904.25
26-10-2025,C1176,Tablet,East,Online,Small Business,5,18836.83,0.088,85895.93,75029.22,10866.71
25-06-2025,C1099,Printer,North,Online,Corporate,2,12185.76,0.12,21446.93,20102.55,1344.38
09-03-2025,C1221,Smartphone,North,Online,Small Business,1,27632.99,0.069,25726.31,21625.64,4100.68
16-09-2025,C1046,Headphones,South,Distributor,Consumer,4,3346.53,0.022,13091.62,11673.76,1417.86
01-09-2025,C1169,Laptop,North,Online,Corporate,4,65049.61,0.1,234178.6,199779.87,34398.73
08-03-2025,C1095,Laptop,West,Distributor,Corporate,2,67189.97,0.104,120404.43,101069.9,19334.53
23-01-2025,C1090,Headphones,South,Retail,Corporate,2,3552.79,0.031,6885.31,6189.05,696.26
29-10-2025,C1123,Smartphone,West,Online,Corporate,2,28115.2,0.022,54993.33,42689.48,12303.85
30-04-2025,C1105,Smartphone,East,Distributor,Small Business,1,26346.36,0.129,22947.68,17637.3,5310.38
12-05-2025,C1203,Monitor,North,Distributor,Small Business,1,15037.36,0.069,13999.78,12604.16,1395.62
04-01-2025,C1053,Smartphone,North,Retail,Small Business,2,28102.02,0.104,50358.83,40351.95,10006.88
19-12-2025,C1040,Mouse,West,Retail,Consumer,5,1163.32,0.08,5351.27,4805.95,545.32
07-08-2025,C1145,Keyboard,East,Distributor,Corporate,6,2165.13,0.036,12523.13,12022.21,500.93
07-07-2025,C1142,Keyboard,West,Online,Corporate,6,2132.13,0.115,11321.63,10691.58,630.06
13-10-2025,C1143,Printer,South,Retail,Small Business,1,12327.43,0.085,11279.6,10296.03,983.56
05-09-2025,C1199,Keyboard,,Distributor,Corporate,6,2163.46,0.052,12305.79,11421.69,884.1
28-12-2025,C1192,Headphones,South,Distributor,Consumer,4,3303.03,0.094,11970.17,10785.68,1184.49
28-04-2025,C1131,Printer,South,Online,Consumer,4,12422.81,0.085,45467.5,43263.36,2204.14
25-07-2025,C1247,Mouse,North,Online,Corporate,6,1211.97,0.093,6595.55,6121.77,473.78
22-11-2025,C1238,Laptop,North,Online,Corporate,2,66073.75,0.086,120782.81,102342.16,18440.65
04-11-2025,C1057,Headphones,North,Online,Corporate,1,3729.14,0.072,3460.65,3095.83,364.81
09-07-2025,C1239,Smartphone,North,Distributor,Corporate,4,28046.03,0.079,103321.57,79046.34,24275.22
25-07-2025,C1127,Keyboard,North,Online,Small Business,6,2383.27,0.063,13398.77,11914.56,1484.2
13-08-2025,C1074,Laptop,South,Distributor,Small Business,1,68140.78,0.023,66573.55,59659.34,6914.21
10-04-2025,C1173,Laptop,South,Distributor,Consumer,4,61406.75,0.087,224257.47,191087.64,33169.83
19-01-2025,C1250,Mouse,South,Distributor,Consumer,3,1189.1,0.118,3146.36,2905.8,240.56
22-03-2025,C1172,Smartphone,East,,Corporate,5,28701.72,0.103,128727.23,104396.37,24330.85
22-07-2025,C1189,Headphones,South,Distributor,Consumer,1,3395.57,0.012,3354.82,3041.27,313.55
27-12-2025,C1186,Smartphone,North,Distributor,Corporate,2,26443.61,0.081,48603.36,38376.26,10227.1
14-10-2025,C1156,Mouse,East,Retail,Consumer,7,1172.27,0.104,7352.51,6765.84,586.66
10-04-2025,C1067,Printer,West,Distributor,Consumer,2,12976.23,0.025,25303.65,22463.83,2839.82
31-03-2025,C1129,Headphones,North,Distributor,Consumer,3,3785.02,0.155,9595.03,8427.08,1167.95
31-05-2025,C1225,Mouse,North,Distributor,Corporate,7,1130.36,0.077,7303.23,6705.17,598.06
03-10-2025,C1124,Keyboard,West,Retail,Small Business,5,2202.77,0.127,9615.1,8487.71,1127.39
05-05-2025,C1230,Mouse,West,Distributor,Corporate,4,1199.59,0.025,4678.39,4360.01,318.38
28-10-2025,C1018,Laptop,West,Online,Corporate,2,61494.74,0.029,119422.78,100268.32,19154.47
15-07-2025,C1245,Monitor,South,Retail,Corporate,4,15903.47,0.063,59606.22,49192.27,10413.95
30-06-2025,C1024,Laptop,East,Online,Corporate,1,68083.98,0.069,63386.18,50803.51,12582.67
24-07-2025,C1122,Mouse,North,Distributor,Consumer,2,1224.09,0.09,2227.84,2068.54,159.3
10-06-2025,C1047,Mouse,South,Distributor,Corporate,3,1130.71,0.04,3256.44,2940.01,316.43
16-12-2025,C1061,Monitor,West,Distributor,Consumer,1,15582.19,0.07,14491.44,12600.75,1890.68
04-05-2025,C1214,Keyboard,South,Online,Consumer,5,2258.04,0.09,10274.08,8792.94,1481.14
08-05-2025,C1236,Mouse,South,Online,Consumer,6,1143.18,0.038,6598.41,6084.53,513.87
10-02-2025,C1218,Printer,North,Distributor,Consumer,2,13357.95,0.088,24364.91,22718.77,1646.14
04-09-2025,C1223,Mouse,East,Retail,Small Business,5,1241.51,0.047,5915.8,5420.15,495.66
21-05-2025,C1102,Printer,South,Distributor,Corporate,2,13166.69,0.093,23884.38,21865.03,2019.35
24-04-2025,C1123,Tablet,North,Distributor,Corporate,3,18949.4,0.083,52129.81,47346.62,4783.2
04-10-2025,C1199,Laptop,East,Retail,Small Business,4,64542.11,0.062,242161.99,202913.66,39248.33
31-03-2025,C1118,Printer,North,Distributor,Small Business,3,12477.82,0.125,32754.28,29332.71,3421.57
11-06-2025,C1098,Laptop,North,Distributor,Consumer,1,65019.14,0.05,61768.19,54168.46,7599.73
25-10-2025,C1221,Smartphone,East,Retail,Small Business,2,28812.58,0.047,54916.77,42610.7,12306.07
13-05-2025,C1121,Tablet,East,Online,Corporate,3,18924.51,0.114,50301.35,47709.39,2591.96
10-11-2025,C1109,Mouse,East,Online,Corporate,7,1146.2,0.083,7357.46,6874.93,482.54
18-04-2025,C1072,Headphones,East,Retail,Corporate,3,3425.02,0.047,9792.14,8900.42,891.71
19-08-2025,C1059,Tablet,South,Distributor,Small Business,1,19441.93,0.133,16856.15,14376.02,2480.13
21-02-2025,C1220,Keyboard,South,Distributor,Corporate,7,2185.72,0.086,13984.23,12594.67,1389.56
15-07-2025,C1122,Monitor,South,Distributor,Consumer,1,15329.3,0,15329.3,12588.51,2740.79
05-01-2025,C1229,Tablet,West,Retail,Consumer,5,16701.61,0.055,78915.11,67339.78,11575.33
19-11-2025,C1144,Mouse,West,Retail,Corporate,3,1215.35,0.096,3296.03,3050.29,245.75
18-10-2025,C1042,Laptop,West,Online,Small Business,3,60778.28,0.097,164648.36,139827.25,24821.11
31-01-2025,C1025,Monitor,East,Retail,Small Business,2,14271.12,0.06,26829.7,25091.32,1738.38
19-08-2025,C1144,Mouse,East,Retail,Corporate,3,1249.1,0.07,3484.98,3222.77,262.21
13-10-2025,C1032,Keyboard,East,Online,Corporate,5,2112.65,0.095,9559.76,8598.9,960.86
29-06-2025,C1084,Monitor,South,Retail,Corporate,5,14989.26,0.014,73897.07,66833.25,7063.82
11-12-2025,C1158,Printer,West,Online,Corporate,2,12395.34,0,24790.68,23614.79,1175.89
27-05-2025,C1207,Printer,South,Online,Small Business,3,12983.27,0.095,35249.58,33378.12,1871.46
22-06-2025,C1042,Headphones,West,Online,Consumer,1,3572.33,0.081,3282.97,3002.39,280.59
25-06-2025,C1075,Monitor,East,Retail,Small Business,1,14562.08,0.017,14314.52,11890.22,2424.31
30-12-2025,C1200,Keyboard,West,Retail,Corporate,5,2145.74,0.054,10149.33,9333.54,815.8
05-07-2025,C1219,Printer,West,Online,Consumer,4,11883.73,0.107,42448.68,40203.67,2245.01
12-01-2025,C1241,Tablet,South,Distributor,Corporate,1,17082.35,0.118,15066.63,12701.64,2364.99
25-12-2025,C1027,Smartphone,South,Online,Corporate,3,27630.96,0.082,76095.65,62585.95,13509.7
18-02-2025,C1007,Smartphone,West,Distributor,Consumer,4,27710.84,0.219,86568.68,66419.55,20149.13
23-07-2025,C1040,Smartphone,North,Retail,Small Business,5,29318.45,0.051,139116.03,108034.91,31081.12
13-02-2025,C1189,Headphones,East,Online,Consumer,3,3701.87,0.13,9661.89,8546.19,1115.7
26-05-2025,C1215,Printer,South,Online,Small Business,1,11282.34,0.042,10808.49,9867.02,941.46
29-03-2025,C1221,Laptop,North,Distributor,Corporate,1,64310.38,0.024,62766.93,52671.31,10095.62
16-06-2025,C1141,Printer,West,Distributor,Corporate,2,13430.63,0.092,24390.02,23259.71,1130.31
16-08-2025,C1117,Tablet,South,Distributor,Small Business,1,18980.74,0.087,17329.41,15005.73,2323.68
20-11-2025,C1139,Headphones,East,Retail,Corporate,3,3525.8,0.075,9784.1,8810.59,973.51
27-04-2025,C1106,Smartphone,West,Retail,Corporate,3,26659.86,0.096,72301.53,59094.77,13206.76
14-05-2025,C1134,Tablet,East,Online,Consumer,3,17336.56,0,52009.67,45463.46,6546.21
11-03-2025,C1003,Mouse,East,Retail,Small Business,4,1081.82,0.039,4158.54,3907.86,250.67
19-12-2025,C1197,Printer,West,Retail,Consumer,3,11812.39,0.068,33027.44,30863.3,2164.14
09-08-2025,C1096,Keyboard,South,Online,Small Business,1,2219.15,0.073,2057.15,1890,167.15
07-04-2025,C1042,Headphones,West,Retail,Consumer,1,3309.6,0.038,3183.84,2735.89,447.95
27-11-2025,C1021,Headphones,West,Online,Corporate,3,3357.81,0.084,9227.27,8593.26,634
05-08-2025,C1191,Monitor,East,Retail,Small Business,5,14914.28,0.06,70097.12,64645.51,5451.61
30-09-2025,C1047,Keyboard,West,Online,Consumer,7,2153.06,0.126,13172.41,12645.51,526.9
11-03-2025,C1159,Keyboard,North,Distributor,Corporate,2,2186.63,0.094,3962.17,3460.94,501.23
20-08-2025,C1005,Keyboard,West,Online,Corporate,4,2356,0.045,8999.91,8077.18,922.72
19-03-2025,C1073,Laptop,North,Online,Consumer,2,67074.41,0.101,120599.79,106952.24,13647.55
18-05-2025,C1060,Tablet,West,Distributor,Consumer,1,17208.69,0.109,15332.94,12706.3,2626.64
16-02-2025,C1088,Tablet,North,Retail,Consumer,1,18463.77,0.087,16857.42,14462.83,2394.59
04-08-2025,C1179,Keyboard,West,Retail,Corporate,6,2121.04,0.091,11568.16,10575.22,992.94
17-01-2025,C1069,Mouse,North,Online,Consumer,3,1338.8,0.118,3542.47,3234.42,308.05
20-07-2025,C1230,Smartphone,West,Online,Consumer,4,28863.97,0.021,113031.31,88161.28,24870.02
09-05-2025,C1064,Headphones,North,Online,Small Business,4,3326.87,0.011,13161.09,11853.77,1307.32
17-07-2025,C1051,Printer,South,Distributor,Consumer,1,12512.69,0.086,11436.6,10840.92,595.68
24-08-2025,C1175,Smartphone,South,Retail,Corporate,5,27089.95,0.116,119737.57,87093.23,32644.35
09-06-2025,C1011,Mouse,South,Distributor,Small Business,6,1286.84,0.08,7103.33,6554.37,548.97
09-10-2025,C1077,Smartphone,East,Retail,Small Business,1,28328.11,0.063,26543.44,21501.24,5042.2
12-04-2025,C1250,Mouse,North,Distributor,Consumer,5,1150.25,0.084,5268.17,4956.11,312.06
27-02-2025,C1043,Monitor,West,Retail,Consumer,2,15260.96,0.159,25668.94,22841.5,2827.44
22-05-2025,C1249,Smartphone,West,Online,Consumer,2,26630.08,0.122,46762.43,36115.85,10646.58
22-01-2025,C1064,Printer,South,Retail,Consumer,3,11750.82,0.024,34406.39,31014.5,3391.88
22-03-2025,C1087,Printer,North,Distributor,Small Business,1,12210.32,0.015,12027.17,11546.08,481.09
17-11-2025,C1040,Laptop,North,Retail,Small Business,5,65358.53,0.055,308819.05,244302.04,64517.01
26-12-2025,C1082,Smartphone,South,Retail,Consumer,6,28130.57,0.066,157643.7,118739.14,38904.56
13-10-2025,C1006,Mouse,West,Distributor,Consumer,1,1105.65,0.012,1092.39,1021.03,71.36
19-12-2025,C1065,Headphones,East,Distributor,Consumer,2,3774.83,0.087,6892.84,6240.77,652.07
21-01-2025,C1139,Printer,West,Distributor,Corporate,1,12794.32,0.034,12359.31,11269.11,1090.2
23-12-2025,C1140,Printer,South,Distributor,Consumer,5,12783.21,0.138,55095.65,52891.82,2203.83
28-06-2025,C1235,Mouse,West,Retail,Small Business,9,1273.84,0.08,10547.39,9576.9,970.5
11-10-2025,C1116,Tablet,North,Distributor,Consumer,1,18434.5,0.184,15042.56,13278.04,1764.51
01-06-2025,C1199,Keyboard,East,Retail,Consumer,5,2169.96,0.078,10003.54,8869.5,1134.04
23-11-2025,C1220,Headphones,South,Online,Small Business,5,3679.25,0.113,16317.46,14703.84,1613.62
06-07-2025,C1169,Monitor,East,Distributor,Consumer,1,15929.18,0.074,14750.42,12862.29,1888.13
03-10-2025,C1128,Headphones,South,Distributor,Small Business,2,3407.99,0.022,6666.03,6060.38,605.65
10-10-2025,C1165,Tablet,East,Retail,Corporate,5,18286.88,0.076,84485.4,72139.12,12346.28
14-06-2025,C1018,Smartphone,North,Distributor,Small Business,1,27863,0.112,24742.34,18280.65,6461.69
23-01-2025,C1028,Tablet,South,Online,Consumer,1,18508.49,0.194,14917.84,12744.31,2173.53
06-09-2025,C1165,Monitor,North,Online,Small Business,2,15209.95,0.029,29537.73,26654.37,2883.36
18-07-2025,C1057,Printer,East,Online,Corporate,2,12065.58,0.128,21042.37,19009.79,2032.57
07-11-2025,C1126,Smartphone,North,Online,Small Business,2,26845.25,0.071,49878.48,37879.77,11998.7
10-02-2025,C1191,Printer,North,Retail,Small Business,3,12119.09,0.042,34830.26,32208.96,2621.3
01-08-2025,C1136,Mouse,North,Distributor,Corporate,6,1287.2,0.081,7097.6,6707.92,389.69
21-01-2025,C1246,Smartphone,East,Online,Consumer,2,29220.69,0.118,51545.3,40941.38,10603.92
23-09-2025,C1137,Smartphone,North,Distributor,Consumer,3,28765.32,0.079,79478.59,60819.51,18659.08
17-07-2025,C1064,Monitor,South,Distributor,Small Business,1,15796.57,0.07,14690.81,12116.54,2574.26
19-10-2025,C1197,Tablet,West,Distributor,Consumer,2,17373.08,0.045,33182.58,27935.92,5246.66
23-11-2025,C1110,Mouse,West,Distributor,Small Business,1,1192.39,0.1,1073.15,1011.93,61.22
23-02-2025,C1130,Tablet,South,Distributor,Corporate,2,18640.81,0,37281.61,33287.48,3994.13
22-06-2025,C1141,Tablet,West,Retail,Corporate,5,17032.95,0,85164.75,74083.96,11080.78
16-06-2025,C1212,Mouse,West,Distributor,Corporate,7,1195.12,0.047,7972.66,7072.62,900.04
15-06-2025,C1238,Monitor,South,Retail,Small Business,3,15588.83,0.073,43352.54,37424.71,5927.83
11-05-2025,C1001,Mouse,West,Retail,Corporate,4,1182.8,0.067,4414.23,4122.03,292.19
18-01-2025,C1228,Keyboard,North,Distributor,Consumer,1,2401.69,0.031,2327.24,1985.86,341.37
04-06-2025,C1220,Laptop,East,Online,Consumer,3,63284.65,0.077,175235.21,142887.43,32347.77
11-06-2025,C1143,Laptop,East,Distributor,Small Business,2,60826.44,0.086,111190.72,95977.19,15213.53
20-10-2025,C1092,Tablet,North,Online,Corporate,1,18012.11,0.144,15418.37,13438.29,1980.08
21-03-2025,C1064,Tablet,East,Retail,Small Business,3,18138.97,0,54416.9,45486.27,8930.63
30-04-2025,C1103,Keyboard,East,Online,Small Business,3,2313.03,0.059,6529.68,5706.32,823.37
19-10-2025,C1203,Monitor,North,Distributor,Corporate,2,14546.43,0.079,26794.52,23337.73,3456.79
05-09-2025,C1148,Tablet,West,Distributor,Small Business,1,18668.83,0.14,16055.19,14050.26,2004.93
18-02-2025,C1098,Keyboard,North,Distributor,Small Business,5,2432.13,0.102,10920.28,9745.84,1174.44
10-02-2025,C1107,Laptop,East,Retail,Corporate,2,65693.42,0.114,116408.74,98910.32,17498.42
03-03-2025,C1098,Monitor,North,Distributor,Small Business,2,14905.3,0.031,28886.47,25197.45,3689.01
28-01-2025,C1145,Keyboard,North,Retail,Small Business,3,2285.25,0.083,6286.73,5506.05,780.68
18-03-2025,C1173,Mouse,South,Online,Consumer,1,1182.61,0.102,1061.98,957.33,104.65
21-07-2025,C1075,Printer,North,Online,Corporate,1,12542.26,0.062,11764.64,10673.41,1091.23
21-07-2025,C1122,Tablet,South,Retail,Consumer,4,18583.62,0.072,68982.38,57771.53,11210.86
20-10-2025,C1103,Laptop,West,Retail,Consumer,2,66816.92,0.033,129223.92,103867.54,25356.38
14-09-2025,C1144,Headphones,South,Online,Corporate,5,3369.92,0.066,15737.53,14452.57,1284.96
12-04-2025,C1051,Printer,West,Distributor,Small Business,1,11779.51,0.07,10954.94,9925.5,1029.44
15-10-2025,C1199,Monitor,South,Online,Corporate,2,15780.96,0.131,27427.3,24610.11,2817.19
09-08-2025,C1106,Mouse,North,Online,Small Business,3,1162.26,0.173,2883.56,2603.09,280.47
05-08-2025,C1089,Mouse,East,Online,Corporate,9,1257.41,0.031,10965.85,10182.97,782.87
01-11-2025,C1158,Laptop,East,Online,Corporate,3,66864.41,0.022,196180.17,163919.43,32260.74
15-08-2025,C1052,Tablet,West,Online,Consumer,1,17710.58,0.069,16488.55,13796.9,2691.65
17-12-2025,C1029,Mouse,South,Distributor,Consumer,5,1172.34,0.093,5316.56,4761.86,554.7
28-01-2025,C1088,Monitor,South,Retail,Consumer,2,16667.98,0.108,29735.67,26939.03,2796.65
22-12-2025,C1006,Smartphone,East,Retail,Corporate,3,27736.49,0,83209.48,60439.57,22769.91
19-06-2025,C1134,Monitor,South,Online,Small Business,4,15374.57,0.01,60883.31,55746.55,5136.76
13-05-2025,C1172,Printer,South,Distributor,Small Business,3,12269.92,0.063,34490.76,31805.26,2685.49
10-01-2025,C1016,Headphones,North,Retail,Consumer,3,3793.82,0.05,10812.39,9997.52,814.87
26-05-2025,C1168,Monitor,East,Online,Corporate,3,14197.75,0.068,39696.92,33685.71,6011.21
05-01-2025,C1170,Smartphone,West,Distributor,Corporate,2,28492.19,0.095,51570.86,38590.52,12980.33
04-12-2025,C1223,Mouse,North,Online,Corporate,7,1168.1,0.008,8111.26,7645.44,465.83
29-11-2025,C1182,Headphones,South,Retail,Small Business,2,3376.95,0.116,5970.44,5269.43,701.01
20-02-2025,C1023,Mouse,West,Distributor,Small Business,2,1224.2,0.064,2291.71,2078.5,213.21
06-04-2025,C1006,Monitor,West,Distributor,Small Business,3,15263.69,0.14,39380.32,34751.47,4628.85
21-01-2025,C1101,Monitor,East,Retail,Corporate,2,15814.39,0.123,27738.45,24067.6,3670.85
22-03-2025,C1091,Laptop,East,Distributor,Corporate,1,66277.76,0.074,61373.2,51904.98,9468.23
17-11-2025,C1208,Keyboard,South,Distributor,Corporate,4,2124.27,0.106,7596.39,7105.84,490.55
01-02-2025,C1243,Keyboard,West,Online,Small Business,6,2211.9,0.005,13205.02,11992.22,1212.8
24-05-2025,C1169,Monitor,South,Retail,Corporate,2,15848.79,0.077,29256.86,25046.34,4210.52
12-03-2025,C1157,Smartphone,West,Distributor,Small Business,1,27507.54,0.017,27039.91,21493.63,5546.28
17-11-2025,C1040,Monitor,West,Online,Small Business,4,14628.53,0.031,56700.17,52031.65,4668.51
07-08-2025,C1034,Keyboard,East,Retail,Small Business,4,2257.83,0.035,8715.24,7874.06,841.18
16-04-2025,C1177,Tablet,South,Online,Corporate,2,17652.25,0.042,33821.71,28637.96,5183.76
28-12-2025,C1239,Tablet,West,Online,Small Business,1,16508.75,0.05,15683.31,13098.18,2585.13
17-10-2025,C1137,Tablet,East,Online,Small Business,3,18277.54,0.108,48910.69,42410.82,6499.88
02-03-2025,C1008,Tablet,East,Online,Small Business,2,18506.26,0.114,32793.09,26153.78,6639.31
13-06-2025,C1191,Headphones,West,Retail,Corporate,2,3526.78,0.042,6757.31,5706.4,1050.91
23-11-2025,C1034,Keyboard,South,Online,Consumer,5,2046.48,0.099,9219.38,8509.87,709.51
05-04-2025,C1157,Laptop,East,Distributor,Small Business,3,69645.15,0.023,204129.94,173593.17,30536.77
29-04-2025,C1092,Monitor,South,Distributor,Consumer,3,15340.91,0.107,41098.3,36881.63,4216.66
10-02-2025,C1121,Printer,South,Distributor,Small Business,1,13212.31,0.025,12882.01,11480.69,1401.32
31-12-2025,C1122,Mouse,South,Retail,Corporate,2,1228.32,0.12,2161.84,1851.6,310.25
12-03-2025,C1105,Tablet,South,Online,Consumer,3,16746.94,0.12,44211.91,38240.39,5971.52
08-01-2025,C1172,Keyboard,West,Online,Small Business,1,2244.1,0.133,1945.64,1750.53,195.1
14-04-2025,C1222,Monitor,North,Online,Corporate,1,14603.46,0.106,13055.5,11367.51,1687.99
12-11-2025,C1110,Printer,East,Retail,Consumer,1,12741.89,0.129,11098.19,10168.34,929.84
27-07-2025,C1101,Laptop,West,Distributor,Corporate,2,62339.54,0.057,117572.38,97937.66,19634.72
10-11-2025,C1212,Laptop,North,Retail,Corporate,2,60959.88,0,121919.76,97637.89,24281.87
22-01-2025,C1143,Monitor,West,Distributor,Consumer,5,15392.48,0.036,74191.74,66615.32,7576.42
18-07-2025,C1102,Laptop,South,Retail,Corporate,3,69322.64,0.076,192162.37,162573.98,29588.39
05-06-2025,C1076,Keyboard,West,Online,Corporate,10,2083.76,0.074,19295.63,16332.3,2963.33
10-11-2025,C1116,Laptop,South,Retail,Small Business,1,65412.77,0.059,61553.41,49925.96,11627.45
16-02-2025,C1140,Smartphone,South,Distributor,Small Business,1,25991.75,0.091,23626.5,18598.73,5027.78
11-03-2025,C1007,Headphones,West,Retail,Corporate,2,3456.79,0.091,6284.44,5350.41,934.02
02-04-2025,C1065,Printer,South,Retail,Consumer,2,11911.12,0.07,22154.68,19789.79,2364.89
15-06-2025,C1181,Tablet,North,Online,Consumer,2,18289.05,0.052,34676.05,31080.57,3595.47
19-08-2025,C1099,Mouse,North,Distributor,Small Business,5,1199.62,0.1,5398.28,4835.64,562.64
19-09-2025,C1012,Tablet,West,Distributor,Corporate,1,18660.98,0.003,18605,15680.73,2924.27
29-03-2025,C1046,Mouse,South,Online,Consumer,10,1209.25,0,12092.47,11014.61,1077.86
31-12-2025,C1187,Laptop,West,Retail,Corporate,2,68938.26,0.078,127122.15,105477.46,21644.69
17-08-2025,C1246,Keyboard,South,Online,Consumer,3,2169.06,0.048,6194.85,5618.11,576.74
14-04-2025,C1128,Laptop,East,Online,Corporate,1,64182.52,0.065,60010.66,52802.73,7207.93
13-09-2025,C1151,Laptop,West,Online,Consumer,1,69671.33,0.031,67511.52,58150.19,9361.32
04-12-2025,C1021,Printer,West,Retail,Corporate,2,12811.47,0.05,24341.79,21536.2,2805.59
04-11-2025,C1159,Laptop,South,Distributor,Corporate,2,65878.19,0.046,125695.59,107297.17,18398.42
18-11-2025,C1015,Monitor,North,Online,Consumer,3,14933.21,0.162,37542.09,32756.33,4785.76
01-12-2025,C1171,Mouse,North,Online,Consumer,8,1117,0.06,8399.86,7705.5,694.36
23-10-2025,C1028,Keyboard,East,Online,Consumer,5,2212.65,0.076,10222.45,9221.85,1000.6
02-08-2025,C1157,Tablet,South,Distributor,Corporate,3,18058.57,0.009,53688.13,45531.81,8156.32
05-12-2025,C1093,Tablet,West,Distributor,Small Business,1,17099.77,0.058,16107.99,13767.97,2340.01
19-01-2025,C1230,Smartphone,East,Retail,Corporate,2,27212.74,0.101,48928.51,38455.12,10473.38
14-07-2025,C1075,Smartphone,West,Distributor,Consumer,3,26734.57,0.101,72103.13,57725.47,14377.66
30-08-2025,C1085,Tablet,North,Distributor,Corporate,5,17162.61,0.069,79891.95,69532.8,10359.14
27-09-2025,C1157,Headphones,South,Distributor,Consumer,5,3700.8,0.081,17005.19,15013.56,1991.63
30-01-2025,C1177,Smartphone,North,Retail,Small Business,2,29121.04,0.077,53757.45,41630.71,12126.74
06-11-2025,C1067,Keyboard,West,Distributor,Corporate,8,2108.05,0.124,14773.25,12637.06,2136.18
27-09-2025,C1128,Mouse,South,Distributor,Small Business,6,1235.5,0.093,6723.58,6192.41,531.17
24-09-2025,C1060,Printer,West,Online,Small Business,4,11716.01,0.127,40912.29,39275.8,1636.49
29-12-2025,C1007,Keyboard,South,Online,Consumer,3,2245.6,0.037,6487.55,5920.89,566.66
27-08-2025,C1106,Smartphone,South,Distributor,Corporate,3,25825.44,0.072,71898.04,60367.22,11530.82
24-01-2025,C1055,Mouse,East,Distributor,Small Business,5,1190.62,0.117,5256.58,4796.99,459.59
06-01-2025,C1079,Monitor,East,Retail,Consumer,3,15990.34,0.155,40535.52,36308.89,4226.63
03-06-2025,C1086,Mouse,North,Online,Small Business,5,1215.55,0.119,5354.51,4815.84,538.68
24-06-2025,C1085,Headphones,North,Online,Consumer,2,3501.49,0.073,6491.76,5994.49,497.27
23-06-2025,C1035,Printer,West,Online,Small Business,1,12857.12,0.011,12715.69,11959.81,755.88
04-09-2025,C1119,Tablet,West,Distributor,Corporate,3,16832.87,0.112,44842.78,39347.1,5495.67
31-07-2025,C1174,Laptop,East,Distributor,Small Business,6,62642.05,0.037,361945.78,325302.89,36642.89
11-06-2025,C1085,Laptop,South,Distributor,Small Business,1,62633.16,0.155,52925.02,43537.22,9387.79
01-07-2025,C1087,Smartphone,South,Retail,Consumer,1,26394.22,0.1,23754.8,19026.05,4728.75
12-07-2025,C1030,Tablet,West,Online,Small Business,2,17874.37,0,35748.74,29848.83,5899.91
07-06-2025,C1023,Mouse,North,Retail,Corporate,3,1224.1,0.159,3088.39,2884.07,204.32
12-09-2025,C1056,Monitor,East,Retail,Corporate,3,14481.68,0.048,41359.68,36833.96,4525.72
26-09-2025,C1201,Keyboard,South,Online,Corporate,3,2240.61,0.058,6331.97,5956.47,375.5
20-01-2025,C1007,Monitor,North,Retail,Small Business,2,14618.27,0.128,25494.26,22795.09,2699.17
05-09-2025,C1188,Tablet,South,Retail,Corporate,2,17778.56,0.081,32676.99,27739.99,4937
26-09-2025,C1211,Keyboard,East,Online,Consumer,7,2349.01,0.085,15045.43,13529.35,1516.08
22-09-2025,C1118,Tablet,South,Distributor,Consumer,1,18447.3,0.118,16270.52,13596.35,2674.17
18-07-2025,C1176,Smartphone,North,Retail,Consumer,6,29226.17,0.024,171148.48,136944.42,34204.06
01-11-2025,C1027,Smartphone,East,Retail,Consumer,2,29743.06,0.05,56511.81,44931.33,11580.47
24-09-2025,C1164,Keyboard,North,Distributor,Corporate,4,2216.46,0.026,8635.31,7781.34,853.97
18-04-2025,C1071,Mouse,South,Online,Corporate,2,1274.17,0.156,2150.8,2064.77,86.03
30-09-2025,C1070,Mouse,West,Distributor,Consumer,3,1211.07,0,3633.22,3418.77,214.45
18-03-2025,C1246,Tablet,East,Online,Consumer,1,18389.84,0.061,17268.06,15315.86,1952.19
15-11-2025,C1141,Smartphone,South,Distributor,Corporate,1,28309.1,0.051,26865.34,19583.32,7282.02
13-06-2025,C1147,Keyboard,South,Distributor,Corporate,5,2137.49,0.056,10088.96,8981.13,1107.83
06-05-2025,C1229,Tablet,North,Retail,Small Business,2,17505.69,0.006,34801.32,28916.96,5884.36
23-06-2025,C1121,Printer,North,Online,Consumer,2,13452.51,0.116,23784.04,22413.78,1370.26
12-12-2025,C1023,Laptop,North,Retail,Consumer,1,66857.78,0,66857.78,55653.08,11204.7
07-08-2025,C1229,Headphones,South,Distributor,Small Business,1,3399.59,0.099,3063.03,2881.73,181.3
31-10-2025,C1210,Printer,East,Retail,Corporate,1,12466.36,0.021,12204.57,11678.14,526.43
12-04-2025,C1024,Smartphone,West,Distributor,Consumer,4,29288.55,0.067,109304.85,85941.59,23363.27
24-12-2025,C1176,Printer,North,Retail,Corporate,3,12838.93,0.066,35974.67,31975.79,3998.88
26-11-2025,C1037,Printer,West,Online,Consumer,2,12851.27,0.063,24083.27,23119.94,963.33
12-11-2025,C1180,Keyboard,East,Retail,Consumer,5,2434.69,0.133,10554.37,9473.3,1081.07
07-12-2025,C1008,Mouse,East,Retail,Corporate,4,1205.93,0.09,4389.57,4121.16,268.42
03-02-2025,C1119,Printer,North,Retail,Corporate,1,12470.78,0.167,10388.16,9446.37,941.79
29-03-2025,C1033,Keyboard,East,Distributor,Small Business,3,2302.44,0.166,5760.7,4990.32,770.38
18-09-2025,C1084,Smartphone,West,Distributor,Consumer,2,27195.95,0.081,49986.15,36853.28,13132.87
12-10-2025,C1103,Smartphone,East,Distributor,Corporate,4,27247.67,0.068,101579.32,82416.79,19162.53
30-10-2025,C1141,Headphones,South,Distributor,Consumer,2,3639.34,0.055,6878.35,6221.16,657.19
23-03-2025,C1054,Printer,West,Online,Corporate,4,12236.31,0.115,43316.52,40289.89,3026.63
22-12-2025,C1140,Headphones,West,Distributor,Corporate,1,3441.89,0.098,3104.59,2828.26,276.33
22-12-2025,C1020,Monitor,South,Distributor,Small Business,1,15316.39,0.073,14198.29,12475.91,1722.38
31-12-2025,C1119,Printer,North,Distributor,Small Business,5,12718.91,0.083,58316.21,53759.46,4556.75
16-06-2025,C1245,Smartphone,West,Online,Corporate,1,24946.91,0.181,20431.52,16045.84,4385.68
27-07-2025,C1198,Smartphone,North,Distributor,Small Business,2,29273.87,0.136,50585.24,38951.31,11633.93
14-07-2025,C1016,Mouse,West,Distributor,Small Business,4,1212.14,0.077,4475.24,4185.64,289.59
16-02-2025,C1208,Monitor,South,Distributor,Small Business,3,14854.15,0.057,42022.4,36072.16,5950.24
01-01-2025,C1075,Tablet,South,Retail,Small Business,2,17702,0.114,31367.94,26615.07,4752.87
19-07-2025,C1225,Printer,South,Online,Small Business,2,11545.47,0.011,22836.94,20798.99,2037.95
12-06-2025,C1235,Keyboard,East,Retail,Small Business,7,2177.31,0.081,14006.64,12261.4,1745.24
26-06-2025,C1104,Smartphone,North,Distributor,Small Business,2,28264.57,0.158,47597.54,38243.62,9353.92
07-03-2025,C1248,Keyboard,North,Retail,Small Business,3,2117.56,0.134,5501.43,5139.99,361.43
28-01-2025,C1222,Laptop,East,Online,Corporate,4,62571.2,0.133,216996.92,174243.72,42753.2
16-01-2025,C1101,Monitor,West,Distributor,Small Business,4,13737.25,0.066,51322.37,44986.52,6335.85
17-11-2025,C1112,Mouse,West,Retail,Corporate,6,1295.87,0,7775.22,7344.13,431.08
07-10-2025,C1049,Monitor,South,Retail,Consumer,2,14961.75,0.202,23878.96,21537.32,2341.64
12-10-2025,C1074,Headphones,East,Retail,Consumer,1,3469.2,0.017,3410.22,3045.96,364.26
10-12-2025,C1166,Tablet,South,Online,Consumer,2,18632.98,0.023,36408.84,31351.59,5057.26
09-01-2025,C1250,Tablet,West,Distributor,Corporate,2,17294.9,0.129,30127.72,25786.8,4340.92
11-03-2025,C1221,Smartphone,South,Distributor,Corporate,4,29397.07,0.072,109121.93,86664.41,22457.52
22-08-2025,C1109,Headphones,South,Retail,Small Business,3,3458.26,0.094,9399.56,8753.9,645.65
10-10-2025,C1048,Printer,West,Retail,Consumer,1,11532.96,0.14,9918.34,9218.34,700.01
06-08-2025,C1183,Laptop,West,Distributor,Consumer,2,66882.83,0.108,119318.98,105517.37,13801.6
14-09-2025,C1094,Keyboard,West,Distributor,Small Business,6,2319.07,0.056,13135.21,12609.8,525.41
18-01-2025,C1029,Laptop,West,Distributor,Corporate,2,63779.56,0.098,115058.33,92243.3,22815.04
25-10-2025,C1188,Printer,North,Online,Small Business,5,11949.26,0.053,56579.74,54316.55,2263.19
27-09-2025,C1134,Keyboard,West,Distributor,Consumer,5,2095.41,0.064,9806.51,8338.28,1468.24
09-11-2025,C1190,Smartphone,South,Retail,Small Business,1,27872.53,0.165,23273.56,17521.95,5751.61
06-12-2025,C1232,Smartphone,East,Distributor,Consumer,1,27811.37,0.082,25530.84,19528.76,6002.07
25-06-2025,C1232,Laptop,West,Retail,Small Business,4,63841.57,0.046,243619.41,208095.83,35523.59
29-08-2025,C1075,Mouse,West,Retail,Corporate,10,1196.07,0.109,10656.98,9540.34,1116.64
27-03-2025,C1067,Laptop,East,Distributor,Small Business,5,65169.06,0.086,297822.62,244115.67,53706.95
01-02-2025,C1169,Printer,South,Distributor,Consumer,3,11864.82,0.042,34099.49,30728.16,3371.33
30-05-2025,C1033,Laptop,East,Retail,Consumer,3,66465.85,0.081,183246.34,156636.2,26610.14
16-09-2025,C1158,Smartphone,East,Retail,Consumer,2,30270.02,0.15,51459.03,37488.01,13971.02
24-05-2025,C1029,Keyboard,East,Online,Small Business,3,2294.93,0.154,5824.53,5124.32,700.2
06-11-2025,C1095,Tablet,South,Distributor,Corporate,6,17328.16,0.071,96587.18,85472.25,11114.94
31-03-2025,C1205,Keyboard,,Retail,Consumer,3,2143.4,0.042,6160.13,5436.48,723.65
28-09-2025,C1153,Laptop,East,Online,Consumer,1,60014.89,0.052,56894.12,49883.52,7010.6
20-03-2025,C1170,Printer,West,Retail,Consumer,1,12983.4,0.128,11321.53,10325.47,996.06
14-08-2025,C1216,Tablet,South,Distributor,Small Business,5,19428.22,0.162,81404.23,69983.46,11420.77
26-06-2025,C1043,Laptop,East,Online,Consumer,4,64826.94,0.065,242452.76,201032.94,41419.81
26-08-2025,C1192,Headphones,West,Retail,Corporate,3,3622.21,0,10866.63,9012.19,1854.44
30-09-2025,C1100,Monitor,West,Distributor,Small Business,4,14577.65,0.145,49855.56,45187.47,4668.1
31-08-2025,C1004,Keyboard,South,Distributor,Corporate,4,2199.21,0.077,8119.49,7499.85,619.63
28-05-2025,C1247,Printer,West,Distributor,Corporate,4,12492.22,0.119,44022.58,42261.67,1760.9
29-09-2025,C1091,Laptop,North,Distributor,Small Business,1,65317.83,0.051,61986.62,52718.02,9268.61
10-08-2025,C1206,Keyboard,East,Retail,Corporate,4,2147.5,0.102,7713.82,6968.29,745.53
20-02-2025,C1192,Keyboard,West,Retail,Small Business,5,2136.18,0.032,10339.1,9421.63,917.48
04-05-2025,C1047,Monitor,East,Distributor,Small Business,2,15923.52,0.03,30891.63,27901.49,2990.14
10-06-2025,C1106,Laptop,North,Online,Consumer,2,64607.56,0.136,111641.87,95937.18,15704.69
20-02-2025,C1186,Smartphone,West,Retail,Consumer,2,28792.5,0.101,51768.92,38854.84,12914.08
26-05-2025,C1159,Keyboard,South,Online,Consumer,7,2221.28,0.098,14025.15,12516.96,1508.2
17-02-2025,C1032,Laptop,South,Distributor,Small Business,2,64955.09,0.134,112502.22,89793.81,22708.4
29-12-2025,C1097,Smartphone,North,Distributor,Consumer,1,27167.04,0.082,24939.34,19132.12,5807.22
03-12-2025,C1065,Tablet,North,Distributor,Consumer,2,19022.01,0.039,36560.3,32278.61,4281.69
31-05-2025,C1237,Printer,North,Distributor,Corporate,4,12635.2,0.086,46194.31,41927.12,4267.18
22-05-2025,C1200,Headphones,East,Retail,Consumer,1,3344.57,0.052,3170.66,2774.65,396.01
07-02-2025,C1086,Keyboard,North,Retail,Corporate,7,2374.37,0.122,14592.9,13295.77,1297.13
31-01-2025,C1018,Keyboard,East,Online,Corporate,9,2169.89,0.118,17224.6,15273.19,1951.4
09-09-2025,C1126,Monitor,West,Online,Small Business,3,14822.98,0.101,39977.59,33974.36,6003.22
